timestamp,open,high,low,close,volume
2026-01-01T00:00:00+00:00,2600.0000,2601.2000,2599.3000,2600.5000,100
2026-01-01T01:00:00+00:00,2600.5000,2601.7878,2599.8000,2601.0878,100
2026-01-01T02:00:00+00:00,2601.0878,2602.4607,2600.3878,2601.7607,100
2026-01-01T03:00:00+00:00,2601.7607,2603.2147,2601.0607,2602.5147,100
2026-01-01T04:00:00+00:00,2602.5147,2604.0449,2601.8147,2603.3449,100
2026-01-01T05:00:00+00:00,2603.3449,2604.9453,2602.6449,2604.2453,100
2026-01-01T06:00:00+00:00,2604.2453,2605.9092,2603.5453,2605.2092,100
2026-01-01T07:00:00+00:00,2605.2092,2606.9288,2604.5092,2606.2288,100
2026-01-01T08:00:00+00:00,2606.2288,2607.9955,2605.5288,2607.2955,100
2026-01-01T09:00:00+00:00,2607.2955,2609.1003,2606.5955,2608.4003,100
2026-01-01T10:00:00+00:00,2608.4003,2610.2332,2607.7003,2609.5332,100
2026-01-01T11:00:00+00:00,2609.5332,2611.3840,2608.8332,2610.6840,100
2026-01-01T12:00:00+00:00,2610.6840,2612.5421,2609.9840,2611.8421,100
2026-01-01T13:00:00+00:00,2611.8421,2613.6965,2611.1421,2612.9965,100
2026-01-01T14:00:00+00:00,2612.9965,2614.8362,2612.2965,2614.1362,100
2026-01-01T15:00:00+00:00,2614.1362,2615.9502,2613.4362,2615.2502,100
2026-01-01T16:00:00+00:00,2615.2502,2617.0275,2614.5502,2616.3275,100
2026-01-01T17:00:00+00:00,2616.3275,2618.0576,2615.6275,2617.3576,100
2026-01-01T18:00:00+00:00,2617.3576,2619.0299,2616.6576,2618.3299,100
2026-01-01T19:00:00+00:00,2618.3299,2619.9349,2617.6299,2619.2349,100
2026-01-01T20:00:00+00:00,2619.2349,2620.7632,2618.5349,2620.0632,100
2026-01-01T21:00:00+00:00,2620.0632,2621.5062,2619.3632,2620.8062,100
2026-01-01T22:00:00+00:00,2620.8062,2622.1565,2620.1062,2621.4565,100
2026-01-01T23:00:00+00:00,2621.4565,2622.7070,2620.7565,2622.0070,100
2026-01-02T00:00:00+00:00,2622.0070,2623.1520,2621.3070,2622.4520,100
2026-01-02T01:00:00+00:00,2622.4520,2623.4867,2621.7520,2622.7867,100
2026-01-02T02:00:00+00:00,2622.7867,2623.7074,2622.0867,2623.0074,100
2026-01-02T03:00:00+00:00,2623.0074,2623.8115,2622.3074,2623.1115,100
2026-01-02T04:00:00+00:00,2623.1115,2623.8115,2622.3978,2623.0978,100
2026-01-02T05:00:00+00:00,2623.0978,2623.7978,2622.2661,2622.9661,100
2026-01-02T06:00:00+00:00,2622.9661,2623.6661,2622.0173,2622.7173,100
2026-01-02T07:00:00+00:00,2622.7173,2623.4173,2621.6536,2622.3536,100
2026-01-02T08:00:00+00:00,2622.3536,2623.0536,2621.1786,2621.8786,100
2026-01-02T09:00:00+00:00,2621.8786,2622.5786,2620.5966,2621.2966,100
2026-01-02T10:00:00+00:00,2621.2966,2621.9966,2619.9132,2620.6132,100
2026-01-02T11:00:00+00:00,2620.6132,2621.3132,2619.1350,2619.8350,100
2026-01-02T12:00:00+00:00,2619.8350,2620.5350,2618.2696,2618.9696,100
2026-01-02T13:00:00+00:00,2618.9696,2619.6696,2617.3252,2618.0252,100
2026-01-02T14:00:00+00:00,2618.0252,2618.7252,2616.3111,2617.0111,100
2026-01-02T15:00:00+00:00,2617.0111,2617.7111,2615.2369,2615.9369,100
2026-01-02T16:00:00+00:00,2615.9369,2616.6369,2614.1131,2614.8131,100
2026-01-02T17:00:00+00:00,2614.8131,2615.5131,2612.9503,2613.6503,100
2026-01-02T18:00:00+00:00,2613.6503,2614.3503,2611.7595,2612.4595,100
2026-01-02T19:00:00+00:00,2612.4595,2613.1595,2610.5520,2611.2520,100
2026-01-02T20:00:00+00:00,2611.2520,2611.9520,2609.3391,2610.0391,100
2026-01-02T21:00:00+00:00,2610.0391,2610.7391,2608.1318,2608.8318,100
2026-01-02T22:00:00+00:00,2608.8318,2609.5318,2606.9413,2607.6413,100
2026-01-02T23:00:00+00:00,2607.6413,2608.3413,2605.7781,2606.4781,100
2026-01-03T00:00:00+00:00,2606.4781,2607.1781,2604.6525,2605.3525,100
2026-01-03T01:00:00+00:00,2605.3525,2606.0525,2603.5742,2604.2742,100
2026-01-03T02:00:00+00:00,2604.2742,2604.9742,2602.5521,2603.2521,100
2026-01-03T03:00:00+00:00,2603.2521,2603.9521,2601.5946,2602.2946,100
2026-01-03T04:00:00+00:00,2602.2946,2602.9946,2600.7090,2601.4090,100
2026-01-03T05:00:00+00:00,2601.4090,2602.1090,2599.9018,2600.6018,100
2026-01-03T06:00:00+00:00,2600.6018,2601.3018,2599.1785,2599.8785,100
2026-01-03T07:00:00+00:00,2599.8785,2600.5785,2598.5438,2599.2438,100
2026-01-03T08:00:00+00:00,2599.2438,2599.9438,2598.0008,2598.7008,100
2026-01-03T09:00:00+00:00,2598.7008,2599.4008,2597.5521,2598.2521,100
2026-01-03T10:00:00+00:00,2598.2521,2598.9521,2597.1986,2597.8986,100
2026-01-03T11:00:00+00:00,2597.8986,2598.5986,2596.9407,2597.6407,100
2026-01-03T12:00:00+00:00,2597.6407,2598.3407,2596.7771,2597.4771,100
2026-01-03T13:00:00+00:00,2597.4771,2598.1771,2596.7059,2597.4059,100
2026-01-03T14:00:00+00:00,2597.4059,2598.1239,2596.7059,2597.4239,100
2026-01-03T15:00:00+00:00,2597.4239,2598.2270,2596.7239,2597.5270,100
2026-01-03T16:00:00+00:00,2597.5270,2598.4102,2596.8270,2597.7102,100
2026-01-03T17:00:00+00:00,2597.7102,2598.6676,2597.0102,2597.9676,100
2026-01-03T18:00:00+00:00,2597.9676,2598.9926,2597.2676,2598.2926,100
2026-01-03T19:00:00+00:00,2598.2926,2599.3780,2597.5926,2598.6780,100
2026-01-03T20:00:00+00:00,2598.6780,2599.8158,2597.9780,2599.1158,100
2026-01-03T21:00:00+00:00,2599.1158,2600.2978,2598.4158,2599.5978,100
2026-01-03T22:00:00+00:00,2599.5978,2600.8153,2598.8978,2600.1153,100
2026-01-03T23:00:00+00:00,2600.1153,2601.3595,2599.4153,2600.6595,100
2026-01-04T00:00:00+00:00,2600.6595,2601.9214,2599.9595,2601.2214,100
2026-01-04T01:00:00+00:00,2601.2214,2602.4920,2600.5214,2601.7920,100
2026-01-04T02:00:00+00:00,2601.7920,2603.0625,2601.0920,2602.3625,100
2026-01-04T03:00:00+00:00,2602.3625,2603.6243,2601.6625,2602.9243,100
2026-01-04T04:00:00+00:00,2602.9243,2604.1691,2602.2243,2603.4691,100
2026-01-04T05:00:00+00:00,2603.4691,2604.6892,2602.7691,2603.9892,100
2026-01-04T06:00:00+00:00,2603.9892,2605.1773,2603.2892,2604.4773,100
2026-01-04T07:00:00+00:00,2604.4773,2605.6269,2603.7773,2604.9269,100
2026-01-04T08:00:00+00:00,2604.9269,2606.0321,2604.2269,2605.3321,100
2026-01-04T09:00:00+00:00,2605.3321,2606.3880,2604.6321,2605.6880,100
2026-01-04T10:00:00+00:00,2605.6880,2606.6903,2604.9880,2605.9903,100
2026-01-04T11:00:00+00:00,2605.9903,2606.9358,2605.2903,2606.2358,100
2026-01-04T12:00:00+00:00,2606.2358,2607.1222,2605.5358,2606.4222,100
2026-01-04T13:00:00+00:00,2606.4222,2607.2483,2605.7222,2606.5483,100
2026-01-04T14:00:00+00:00,2606.5483,2607.3138,2605.8483,2606.6138,100
2026-01-04T15:00:00+00:00,2606.6138,2607.3193,2605.9138,2606.6193,100
2026-01-04T16:00:00+00:00,2606.6193,2607.3193,2605.8665,2606.5665,100
2026-01-04T17:00:00+00:00,2606.5665,2607.2665,2605.7581,2606.4581,100
2026-01-04T18:00:00+00:00,2606.4581,2607.1581,2605.5976,2606.2976,100
2026-01-04T19:00:00+00:00,2606.2976,2606.9976,2605.3895,2606.0895,100
2026-01-04T20:00:00+00:00,2606.0895,2606.7895,2605.1389,2605.8389,100
2026-01-04T21:00:00+00:00,2605.8389,2606.5389,2604.8518,2605.5518,100
2026-01-04T22:00:00+00:00,2605.5518,2606.2518,2604.5348,2605.2348,100
2026-01-04T23:00:00+00:00,2605.2348,2605.9348,2604.1951,2604.8951,100
2026-01-05T00:00:00+00:00,2604.8951,2605.5951,2603.8401,2604.5401,100
2026-01-05T01:00:00+00:00,2604.5401,2605.2401,2603.4780,2604.1780,100
2026-01-05T02:00:00+00:00,2604.1780,2604.8780,2603.1169,2603.8169,100
2026-01-05T03:00:00+00:00,2603.8169,2604.5169,2602.7650,2603.4650,100
2026-01-05T04:00:00+00:00,2603.4650,2604.1650,2602.4307,2603.1307,100
2026-01-05T05:00:00+00:00,2603.1307,2603.8307,2602.1222,2602.8222,100
2026-01-05T06:00:00+00:00,2602.8222,2603.5222,2601.8475,2602.5475,100
2026-01-05T07:00:00+00:00,2602.5475,2603.2475,2601.6142,2602.3142,100
2026-01-05T08:00:00+00:00,2602.3142,2603.0142,2601.4295,2602.1295,100
2026-01-05T09:00:00+00:00,2602.1295,2602.8295,2601.3002,2602.0002,100
2026-01-05T10:00:00+00:00,2602.0002,2602.7002,2601.2321,2601.9321,100
2026-01-05T11:00:00+00:00,2601.9321,2602.6321,2601.2306,2601.9306,100
2026-01-05T12:00:00+00:00,2601.9306,2602.7001,2601.2306,2602.0001,100
2026-01-05T13:00:00+00:00,2602.0001,2602.8442,2601.3001,2602.1442,100
2026-01-05T14:00:00+00:00,2602.1442,2603.0656,2601.4442,2602.3656,100
2026-01-05T15:00:00+00:00,2602.3656,2603.3657,2601.6656,2602.6657,100
2026-01-05T16:00:00+00:00,2602.6657,2603.7454,2601.9657,2603.0454,100
2026-01-05T17:00:00+00:00,2603.0454,2604.2040,2602.3454,2603.5040,100
2026-01-05T18:00:00+00:00,2603.5040,2604.7401,2602.8040,2604.0401,100
2026-01-05T19:00:00+00:00,2604.0401,2605.3511,2603.3401,2604.6511,100
2026-01-05T20:00:00+00:00,2604.6511,2606.0334,2603.9511,2605.3334,100
2026-01-05T21:00:00+00:00,2605.3334,2606.7825,2604.6334,2606.0825,100
2026-01-05T22:00:00+00:00,2606.0825,2607.5926,2605.3825,2606.8926,100
2026-01-05T23:00:00+00:00,2606.8926,2608.4574,2606.1926,2607.7574,100
2026-01-06T00:00:00+00:00,2607.7574,2609.3696,2607.0574,2608.6696,100
2026-01-06T01:00:00+00:00,2608.6696,2610.3210,2607.9696,2609.6210,100
2026-01-06T02:00:00+00:00,2609.6210,2611.3029,2608.9210,2610.6029,100
2026-01-06T03:00:00+00:00,2610.6029,2612.3059,2609.9029,2611.6059,100
2026-01-06T04:00:00+00:00,2611.6059,2613.3204,2610.9059,2612.6204,100
2026-01-06T05:00:00+00:00,2612.6204,2614.3360,2611.9204,2613.6360,100
2026-01-06T06:00:00+00:00,2613.6360,2615.3425,2612.9360,2614.6425,100
2026-01-06T07:00:00+00:00,2614.6425,2616.3292,2613.9425,2615.6292,100
2026-01-06T08:00:00+00:00,2615.6292,2617.2858,2614.9292,2616.5858,100
2026-01-06T09:00:00+00:00,2616.5858,2618.2017,2615.8858,2617.5017,100
2026-01-06T10:00:00+00:00,2617.5017,2619.0670,2616.8017,2618.3670,100
2026-01-06T11:00:00+00:00,2618.3670,2619.8718,2617.6670,2619.1718,100
2026-01-06T12:00:00+00:00,2619.1718,2620.6068,2618.4718,2619.9068,100
2026-01-06T13:00:00+00:00,2619.9068,2621.2634,2619.2068,2620.5634,100
2026-01-06T14:00:00+00:00,2620.5634,2621.8336,2619.8634,2621.1336,100
2026-01-06T15:00:00+00:00,2621.1336,2622.3103,2620.4336,2621.6103,100
2026-01-06T16:00:00+00:00,2621.6103,2622.6872,2620.9103,2621.9872,100
2026-01-06T17:00:00+00:00,2621.9872,2622.9590,2621.2872,2622.2590,100
2026-01-06T18:00:00+00:00,2622.2590,2623.1214,2621.5590,2622.4214,100
2026-01-06T19:00:00+00:00,2622.4214,2623.1713,2621.7214,2622.4713,100
2026-01-06T20:00:00+00:00,2622.4713,2623.1713,2621.7067,2622.4067,100
2026-01-06T21:00:00+00:00,2622.4067,2623.1067,2621.5267,2622.2267,100
2026-01-06T22:00:00+00:00,2622.2267,2622.9267,2621.2317,2621.9317,100
2026-01-06T23:00:00+00:00,2621.9317,2622.6317,2620.8231,2621.5231,100
2026-01-07T00:00:00+00:00,2621.5231,2622.2231,2620.3036,2621.0036,100
2026-01-07T01:00:00+00:00,2621.0036,2621.7036,2619.6771,2620.3771,100
2026-01-07T02:00:00+00:00,2620.3771,2621.0771,2618.9486,2619.6486,100
2026-01-07T03:00:00+00:00,2619.6486,2620.3486,2618.1240,2618.8240,100
2026-01-07T04:00:00+00:00,2618.8240,2619.5240,2617.2104,2617.9104,100
2026-01-07T05:00:00+00:00,2617.9104,2618.6104,2616.2157,2616.9157,100
2026-01-07T06:00:00+00:00,2616.9157,2617.6157,2615.1486,2615.8486,100
2026-01-07T07:00:00+00:00,2615.8486,2616.5486,2614.0187,2614.7187,100
2026-01-07T08:00:00+00:00,2614.7187,2615.4187,2612.8361,2613.5361,100
2026-01-07T09:00:00+00:00,2613.5361,2614.2361,2611.6114,2612.3114,100
2026-01-07T10:00:00+00:00,2612.3114,2613.0114,2610.3557,2611.0557,100
2026-01-07T11:00:00+00:00,2611.0557,2611.7557,2609.0804,2609.7804,100
2026-01-07T12:00:00+00:00,2609.7804,2610.4804,2607.7969,2608.4969,100
2026-01-07T13:00:00+00:00,2608.4969,2609.1969,2606.5168,2607.2168,100
2026-01-07T14:00:00+00:00,2607.2168,2607.9168,2605.2515,2605.9515,100
2026-01-07T15:00:00+00:00,2605.9515,2606.6515,2604.0123,2604.7123,100
2026-01-07T16:00:00+00:00,2604.7123,2605.4123,2602.8099,2603.5099,100
2026-01-07T17:00:00+00:00,2603.5099,2604.2099,2601.6547,2602.3547,100
2026-01-07T18:00:00+00:00,2602.3547,2603.0547,2600.5567,2601.2567,100
2026-01-07T19:00:00+00:00,2601.2567,2601.9567,2599.5248,2600.2248,100
2026-01-07T20:00:00+00:00,2600.2248,2600.9248,2598.5675,2599.2675,100
2026-01-07T21:00:00+00:00,2599.2675,2599.9675,2597.6923,2598.3923,100
2026-01-07T22:00:00+00:00,2598.3923,2599.0923,2596.9056,2597.6056,100
2026-01-07T23:00:00+00:00,2597.6056,2598.3056,2596.2130,2596.9130,100
2026-01-08T00:00:00+00:00,2596.9130,2597.6130,2595.6189,2596.3189,100
2026-01-08T01:00:00+00:00,2596.3189,2597.0189,2595.1268,2595.8268,100
2026-01-08T02:00:00+00:00,2595.8268,2596.5268,2594.7387,2595.4387,100
2026-01-08T03:00:00+00:00,2595.4387,2596.1387,2594.4558,2595.1558,100
2026-01-08T04:00:00+00:00,2595.1558,2595.8558,2594.2779,2594.9779,100
2026-01-08T05:00:00+00:00,2594.9779,2595.6779,2594.2039,2594.9039,100
2026-01-08T06:00:00+00:00,2594.9039,2595.6315,2594.2039,2594.9315,100
2026-01-08T07:00:00+00:00,2594.9315,2595.7571,2594.2315,2595.0571,100
2026-01-08T08:00:00+00:00,2595.0571,2595.9765,2594.3571,2595.2765,100
2026-01-08T09:00:00+00:00,2595.2765,2596.2843,2594.5765,2595.5843,100
2026-01-08T10:00:00+00:00,2595.5843,2596.6741,2594.8843,2595.9741,100
2026-01-08T11:00:00+00:00,2595.9741,2597.1390,2595.2741,2596.4390,100
2026-01-08T12:00:00+00:00,2596.4390,2597.6713,2595.7390,2596.9713,100
2026-01-08T13:00:00+00:00,2596.9713,2598.2626,2596.2713,2597.5626,100
2026-01-08T14:00:00+00:00,2597.5626,2598.9041,2596.8626,2598.2041,100
2026-01-08T15:00:00+00:00,2598.2041,2599.5867,2597.5041,2598.8867,100
2026-01-08T16:00:00+00:00,2598.8867,2600.3008,2598.1867,2599.6008,100
2026-01-08T17:00:00+00:00,2599.6008,2601.0371,2598.9008,2600.3371,100
2026-01-08T18:00:00+00:00,2600.3371,2601.7857,2599.6371,2601.0857,100
2026-01-08T19:00:00+00:00,2601.0857,2602.5374,2600.3857,2601.8374,100
2026-01-08T20:00:00+00:00,2601.8374,2603.2828,2601.1374,2602.5828,100
2026-01-08T21:00:00+00:00,2602.5828,2604.0130,2601.8828,2603.3130,100
2026-01-08T22:00:00+00:00,2603.3130,2604.7195,2602.6130,2604.0195,100
2026-01-08T23:00:00+00:00,2604.0195,2605.3945,2603.3195,2604.6945,100
2026-01-09T00:00:00+00:00,2604.6945,2606.0307,2603.9945,2605.3307,100
2026-01-09T01:00:00+00:00,2605.3307,2606.6215,2604.6307,2605.9215,100
2026-01-09T02:00:00+00:00,2605.9215,2607.1612,2605.2215,2606.4612,100
2026-01-09T03:00:00+00:00,2606.4612,2607.6450,2605.7612,2606.9450,100
2026-01-09T04:00:00+00:00,2606.9450,2608.0688,2606.2450,2607.3688,100
2026-01-09T05:00:00+00:00,2607.3688,2608.4297,2606.6688,2607.7297,100
2026-01-09T06:00:00+00:00,2607.7297,2608.7258,2607.0297,2608.0258,100
2026-01-09T07:00:00+00:00,2608.0258,2608.9561,2607.3258,2608.2561,100
2026-01-09T08:00:00+00:00,2608.2561,2609.1207,2607.5561,2608.4207,100
2026-01-09T09:00:00+00:00,2608.4207,2609.2205,2607.7207,2608.5205,100
2026-01-09T10:00:00+00:00,2608.5205,2609.2577,2607.8205,2608.5577,100
2026-01-09T11:00:00+00:00,2608.5577,2609.2577,2607.8352,2608.5352,100
2026-01-09T12:00:00+00:00,2608.5352,2609.2352,2607.7569,2608.4569,100
2026-01-09T13:00:00+00:00,2608.4569,2609.1569,2607.6274,2608.3274,100
2026-01-09T14:00:00+00:00,2608.3274,2609.0274,2607.4524,2608.1524,100
2026-01-09T15:00:00+00:00,2608.1524,2608.8524,2607.2379,2607.9379,100
2026-01-09T16:00:00+00:00,2607.9379,2608.6379,2606.9907,2607.6907,100
2026-01-09T17:00:00+00:00,2607.6907,2608.3907,2606.7180,2607.4180,100
2026-01-09T18:00:00+00:00,2607.4180,2608.1180,2606.4275,2607.1275,100
2026-01-09T19:00:00+00:00,2607.1275,2607.8275,2606.1270,2606.8270,100
2026-01-09T20:00:00+00:00,2606.8270,2607.5270,2605.8247,2606.5247,100
2026-01-09T21:00:00+00:00,2606.5247,2607.2247,2605.5288,2606.2288,100
2026-01-09T22:00:00+00:00,2606.2288,2606.9288,2605.2472,2605.9472,100
2026-01-09T23:00:00+00:00,2605.9472,2606.6472,2604.9880,2605.6880,100
2026-01-10T00:00:00+00:00,2605.6880,2606.3880,2604.7587,2605.4587,100
2026-01-10T01:00:00+00:00,2605.4587,2606.1587,2604.5665,2605.2665,100
2026-01-10T02:00:00+00:00,2605.2665,2605.9665,2604.4182,2605.1182,100
2026-01-10T03:00:00+00:00,2605.1182,2605.8182,2604.3199,2605.0199,100
2026-01-10T04:00:00+00:00,2605.0199,2605.7199,2604.2770,2604.9770,100
2026-01-10T05:00:00+00:00,2604.9770,2605.6942,2604.2770,2604.9942,100
2026-01-10T06:00:00+00:00,2604.9942,2605.7753,2604.2942,2605.0753,100
2026-01-10T07:00:00+00:00,2605.0753,2605.9231,2604.3753,2605.2231,100
2026-01-10T08:00:00+00:00,2605.2231,2606.1398,2604.5231,2605.4398,100
2026-01-10T09:00:00+00:00,2605.4398,2606.4261,2604.7398,2605.7261,100
2026-01-10T10:00:00+00:00,2605.7261,2606.7822,2605.0261,2606.0822,100
2026-01-10T11:00:00+00:00,2606.0822,2607.2068,2605.3822,2606.5068,100
2026-01-10T12:00:00+00:00,2606.5068,2607.6979,2605.8068,2606.9979,100
2026-01-10T13:00:00+00:00,2606.9979,2608.2524,2606.2979,2607.5524,100
2026-01-10T14:00:00+00:00,2607.5524,2608.8662,2606.8524,2608.1662,100
2026-01-10T15:00:00+00:00,2608.1662,2609.5342,2607.4662,2608.8342,100
2026-01-10T16:00:00+00:00,2608.8342,2610.2506,2608.1342,2609.5506,100
2026-01-10T17:00:00+00:00,2609.5506,2611.0085,2608.8506,2610.3085,100
2026-01-10T18:00:00+00:00,2610.3085,2611.8005,2609.6085,2611.1005,100
2026-01-10T19:00:00+00:00,2611.1005,2612.6184,2610.4005,2611.9184,100
2026-01-10T20:00:00+00:00,2611.9184,2613.4535,2611.2184,2612.7535,100
2026-01-10T21:00:00+00:00,2612.7535,2614.2967,2612.0535,2613.5967,100
2026-01-10T22:00:00+00:00,2613.5967,2615.1384,2612.8967,2614.4384,100
2026-01-10T23:00:00+00:00,2614.4384,2615.9688,2613.7384,2615.2688,100
2026-01-11T00:00:00+00:00,2615.2688,2616.7780,2614.5688,2616.0780,100
2026-01-11T01:00:00+00:00,2616.0780,2617.5561,2615.3780,2616.8561,100
2026-01-11T02:00:00+00:00,2616.8561,2618.2935,2616.1561,2617.5935,100
2026-01-11T03:00:00+00:00,2617.5935,2618.9804,2616.8935,2618.2804,100
2026-01-11T04:00:00+00:00,2618.2804,2619.6078,2617.5804,2618.9078,100
2026-01-11T05:00:00+00:00,2618.9078,2620.1670,2618.2078,2619.4670,100
2026-01-11T06:00:00+00:00,2619.4670,2620.6499,2618.7670,2619.9499,100
2026-01-11T07:00:00+00:00,2619.9499,2621.0490,2619.2499,2620.3490,100
2026-01-11T08:00:00+00:00,2620.3490,2621.3579,2619.6490,2620.6579,100
2026-01-11T09:00:00+00:00,2620.6579,2621.5706,2619.9579,2620.8706,100
2026-01-11T10:00:00+00:00,2620.8706,2621.6824,2620.1706,2620.9824,100
2026-01-11T11:00:00+00:00,2620.9824,2621.6896,2620.2824,2620.9896,100
2026-01-11T12:00:00+00:00,2620.9896,2621.6896,2620.1895,2620.8895,100
2026-01-11T13:00:00+00:00,2620.8895,2621.5895,2619.9804,2620.6804,100
2026-01-11T14:00:00+00:00,2620.6804,2621.3804,2619.6620,2620.3620,100
2026-01-11T15:00:00+00:00,2620.3620,2621.0620,2619.2350,2619.9350,100
2026-01-11T16:00:00+00:00,2619.9350,2620.6350,2618.7013,2619.4013,100
2026-01-11T17:00:00+00:00,2619.4013,2620.1013,2618.0639,2618.7639,100
2026-01-11T18:00:00+00:00,2618.7639,2619.4639,2617.3270,2618.0270,100
2026-01-11T19:00:00+00:00,2618.0270,2618.7270,2616.4958,2617.1958,100
2026-01-11T20:00:00+00:00,2617.1958,2617.8958,2615.5768,2616.2768,100
2026-01-11T21:00:00+00:00,2616.2768,2616.9768,2614.5770,2615.2770,100
2026-01-11T22:00:00+00:00,2615.2770,2615.9770,2613.5048,2614.2048,100
2026-01-11T23:00:00+00:00,2614.2048,2614.9048,2612.3691,2613.0691,100
2026-01-12T00:00:00+00:00,2613.0691,2613.7691,2611.1796,2611.8796,100
2026-01-12T01:00:00+00:00,2611.8796,2612.5796,2609.9465,2610.6465,100
2026-01-12T02:00:00+00:00,2610.6465,2611.3465,2608.6807,2609.3807,100
2026-01-12T03:00:00+00:00,2609.3807,2610.0807,2607.3934,2608.0934,100
2026-01-12T04:00:00+00:00,2608.0934,2608.7934,2606.0961,2606.7961,100
2026-01-12T05:00:00+00:00,2606.7961,2607.4961,2604.8002,2605.5002,100
2026-01-12T06:00:00+00:00,2605.5002,2606.2002,2603.5173,2604.2173,100
2026-01-12T07:00:00+00:00,2604.2173,2604.9173,2602.2590,2602.9590,100
2026-01-12T08:00:00+00:00,2602.9590,2603.6590,2601.0364,2601.7364,100
2026-01-12T09:00:00+00:00,2601.7364,2602.4364,2599.8603,2600.5603,100
2026-01-12T10:00:00+00:00,2600.5603,2601.2603,2598.7411,2599.4411,100
2026-01-12T11:00:00+00:00,2599.4411,2600.1411,2597.6885,2598.3885,100
2026-01-12T12:00:00+00:00,2598.3885,2599.0885,2596.7115,2597.4115,100
2026-01-12T13:00:00+00:00,2597.4115,2598.1115,2595.8184,2596.5184,100
2026-01-12T14:00:00+00:00,2596.5184,2597.2184,2595.0165,2595.7165,100
2026-01-12T15:00:00+00:00,2595.7165,2596.4165,2594.3121,2595.0121,100
2026-01-12T16:00:00+00:00,2595.0121,2595.7121,2593.7105,2594.4105,100
2026-01-12T17:00:00+00:00,2594.4105,2595.1105,2593.2159,2593.9159,100
2026-01-12T18:00:00+00:00,2593.9159,2594.6159,2592.8314,2593.5314,100
2026-01-12T19:00:00+00:00,2593.5314,2594.2314,2592.5590,2593.2590,100
2026-01-12T20:00:00+00:00,2593.2590,2593.9590,2592.3993,2593.0993,100
2026-01-12T21:00:00+00:00,2593.0993,2593.7993,2592.3519,2593.0519,100
2026-01-12T22:00:00+00:00,2593.0519,2593.8153,2592.3519,2593.1153,100
2026-01-12T23:00:00+00:00,2593.1153,2593.9867,2592.4153,2593.2867,100
2026-01-13T00:00:00+00:00,2593.2867,2594.2622,2592.5867,2593.5622,100
2026-01-13T01:00:00+00:00,2593.5622,2594.6370,2592.8622,2593.9370,100
2026-01-13T02:00:00+00:00,2593.9370,2595.1053,2593.2370,2594.4053,100
2026-01-13T03:00:00+00:00,2594.4053,2595.6604,2593.7053,2594.9604,100
2026-01-13T04:00:00+00:00,2594.9604,2596.2945,2594.2604,2595.5945,100
2026-01-13T05:00:00+00:00,2595.5945,2596.9996,2594.8945,2596.2996,100
2026-01-13T06:00:00+00:00,2596.2996,2597.7666,2595.5996,2597.0666,100
2026-01-13T07:00:00+00:00,2597.0666,2598.5863,2596.3666,2597.8863,100
2026-01-13T08:00:00+00:00,2597.8863,2599.4488,2597.1863,2598.7488,100
2026-01-13T09:00:00+00:00,2598.7488,2600.3440,2598.0488,2599.6440,100
2026-01-13T10:00:00+00:00,2599.6440,2601.2619,2598.9440,2600.5619,100
2026-01-13T11:00:00+00:00,2600.5619,2602.1921,2599.8619,2601.4921,100
2026-01-13T12:00:00+00:00,2601.4921,2603.1245,2600.7921,2602.4245,100
2026-01-13T13:00:00+00:00,2602.4245,2604.0493,2601.7245,2603.3493,100
2026-01-13T14:00:00+00:00,2603.3493,2604.9568,2602.6493,2604.2568,100
2026-01-13T15:00:00+00:00,2604.2568,2605.8380,2603.5568,2605.1380,100
2026-01-13T16:00:00+00:00,2605.1380,2606.6843,2604.4380,2605.9843,100
2026-01-13T17:00:00+00:00,2605.9843,2607.4877,2605.2843,2606.7877,100
2026-01-13T18:00:00+00:00,2606.7877,2608.2412,2606.0877,2607.5412,100
2026-01-13T19:00:00+00:00,2607.5412,2608.9382,2606.8412,2608.2382,100
2026-01-13T20:00:00+00:00,2608.2382,2609.5734,2607.5382,2608.8734,100
2026-01-13T21:00:00+00:00,2608.8734,2610.1422,2608.1734,2609.4422,100
2026-01-13T22:00:00+00:00,2609.4422,2610.6411,2608.7422,2609.9411,100
2026-01-13T23:00:00+00:00,2609.9411,2611.0675,2609.2411,2610.3675,100
2026-01-14T00:00:00+00:00,2610.3675,2611.4199,2609.6675,2610.7199,100
2026-01-14T01:00:00+00:00,2610.7199,2611.6980,2610.0199,2610.9980,100
2026-01-14T02:00:00+00:00,2610.9980,2611.9022,2610.2980,2611.2022,100
2026-01-14T03:00:00+00:00,2611.2022,2612.0343,2610.5022,2611.3343,100
2026-01-14T04:00:00+00:00,2611.3343,2612.0967,2610.6343,2611.3967,100
2026-01-14T05:00:00+00:00,2611.3967,2612.0967,2610.6930,2611.3930,100
2026-01-14T06:00:00+00:00,2611.3930,2612.0930,2610.6277,2611.3277,100
2026-01-14T07:00:00+00:00,2611.3277,2612.0277,2610.5058,2611.2058,100
2026-01-14T08:00:00+00:00,2611.2058,2611.9058,2610.3333,2611.0333,100
2026-01-14T09:00:00+00:00,2611.0333,2611.7333,2610.1167,2610.8167,100
2026-01-14T10:00:00+00:00,2610.8167,2611.5167,2609.8633,2610.5633,100
2026-01-14T11:00:00+00:00,2610.5633,2611.2633,2609.5805,2610.2805,100
2026-01-14T12:00:00+00:00,2610.2805,2610.9805,2609.2761,2609.9761,100
2026-01-14T13:00:00+00:00,2609.9761,2610.6761,2608.9584,2609.6584,100
2026-01-14T14:00:00+00:00,2609.6584,2610.3584,2608.6354,2609.3354,100
2026-01-14T15:00:00+00:00,2609.3354,2610.0354,2608.3154,2609.0154,100
2026-01-14T16:00:00+00:00,2609.0154,2609.7154,2608.0065,2608.7065,100
2026-01-14T17:00:00+00:00,2608.7065,2609.4065,2607.7164,2608.4164,100
2026-01-14T18:00:00+00:00,2608.4164,2609.1164,2607.4526,2608.1526,100
2026-01-14T19:00:00+00:00,2608.1526,2608.8526,2607.2221,2607.9221,100
2026-01-14T20:00:00+00:00,2607.9221,2608.6221,2607.0314,2607.7314,100
2026-01-14T21:00:00+00:00,2607.7314,2608.4314,2606.8862,2607.5862,100
2026-01-14T22:00:00+00:00,2607.5862,2608.2862,2606.7917,2607.4917,100
2026-01-14T23:00:00+00:00,2607.4917,2608.1917,2606.7521,2607.4521,100
2026-01-15T00:00:00+00:00,2607.4521,2608.1708,2606.7521,2607.4708,100
2026-01-15T01:00:00+00:00,2607.4708,2608.2503,2606.7708,2607.5503,100
2026-01-15T02:00:00+00:00,2607.5503,2608.3920,2606.8503,2607.6920,100
2026-01-15T03:00:00+00:00,2607.6920,2608.5966,2606.9920,2607.8966,100
2026-01-15T04:00:00+00:00,2607.8966,2608.8635,2607.1966,2608.1635,100
2026-01-15T05:00:00+00:00,2608.1635,2609.1913,2607.4635,2608.4913,100
2026-01-15T06:00:00+00:00,2608.4913,2609.5774,2607.7913,2608.8774,100
2026-01-15T07:00:00+00:00,2608.8774,2610.0185,2608.1774,2609.3185,100
2026-01-15T08:00:00+00:00,2609.3185,2610.5102,2608.6185,2609.8102,100
2026-01-15T09:00:00+00:00,2609.8102,2611.0471,2609.1102,2610.3471,100
2026-01-15T10:00:00+00:00,2610.3471,2611.6234,2609.6471,2610.9234,100
2026-01-15T11:00:00+00:00,2610.9234,2612.2321,2610.2234,2611.5321,100
2026-01-15T12:00:00+00:00,2611.5321,2612.8658,2610.8321,2612.1658,100
2026-01-15T13:00:00+00:00,2612.1658,2613.5164,2611.4658,2612.8164,100
2026-01-15T14:00:00+00:00,2612.8164,2614.1755,2612.1164,2613.4755,100
2026-01-15T15:00:00+00:00,2613.4755,2614.8342,2612.7755,2614.1342,100
2026-01-15T16:00:00+00:00,2614.1342,2615.4833,2613.4342,2614.7833,100
2026-01-15T17:00:00+00:00,2614.7833,2616.1136,2614.0833,2615.4136,100
2026-01-15T18:00:00+00:00,2615.4136,2616.7158,2614.7136,2616.0158,100
2026-01-15T19:00:00+00:00,2616.0158,2617.2808,2615.3158,2616.5808,100
2026-01-15T20:00:00+00:00,2616.5808,2617.7996,2615.8808,2617.0996,100
2026-01-15T21:00:00+00:00,2617.0996,2618.2635,2616.3996,2617.5635,100
2026-01-15T22:00:00+00:00,2617.5635,2618.6646,2616.8635,2617.9646,100
2026-01-15T23:00:00+00:00,2617.9646,2618.9951,2617.2646,2618.2951,100
2026-01-16T00:00:00+00:00,2618.2951,2619.2481,2617.5951,2618.5481,100
2026-01-16T01:00:00+00:00,2618.5481,2619.4175,2617.8481,2618.7175,100
2026-01-16T02:00:00+00:00,2618.7175,2619.4980,2618.0175,2618.7980,100
2026-01-16T03:00:00+00:00,2618.7980,2619.4980,2618.0851,2618.7851,100
2026-01-16T04:00:00+00:00,2618.7851,2619.4851,2617.9755,2618.6755,100
2026-01-16T05:00:00+00:00,2618.6755,2619.3755,2617.7668,2618.4668,100
2026-01-16T06:00:00+00:00,2618.4668,2619.1668,2617.4577,2618.1577,100
2026-01-16T07:00:00+00:00,2618.1577,2618.8577,2617.0480,2617.7480,100
2026-01-16T08:00:00+00:00,2617.7480,2618.4480,2616.5388,2617.2388,100
2026-01-16T09:00:00+00:00,2617.2388,2617.9388,2615.9321,2616.6321,100
2026-01-16T10:00:00+00:00,2616.6321,2617.3321,2615.2312,2615.9312,100
2026-01-16T11:00:00+00:00,2615.9312,2616.6312,2614.4403,2615.1403,100
2026-01-16T12:00:00+00:00,2615.1403,2615.8403,2613.5649,2614.2649,100
2026-01-16T13:00:00+00:00,2614.2649,2614.9649,2612.6113,2613.3113,100
2026-01-16T14:00:00+00:00,2613.3113,2614.0113,2611.5870,2612.2870,100
2026-01-16T15:00:00+00:00,2612.2870,2612.9870,2610.4999,2611.1999,100
2026-01-16T16:00:00+00:00,2611.1999,2611.8999,2609.3593,2610.0593,100
2026-01-16T17:00:00+00:00,2610.0593,2610.7593,2608.1746,2608.8746,100
2026-01-16T18:00:00+00:00,2608.8746,2609.5746,2606.9562,2607.6562,100
2026-01-16T19:00:00+00:00,2607.6562,2608.3562,2605.7148,2606.4148,100
2026-01-16T20:00:00+00:00,2606.4148,2607.1148,2604.4615,2605.1615,100
2026-01-16T21:00:00+00:00,2605.1615,2605.8615,2603.2075,2603.9075,100
2026-01-16T22:00:00+00:00,2603.9075,2604.6075,2601.9643,2602.6643,100
2026-01-16T23:00:00+00:00,2602.6643,2603.3643,2600.7433,2601.4433,100
2026-01-17T00:00:00+00:00,2601.4433,2602.1433,2599.5557,2600.2557,100
2026-01-17T01:00:00+00:00,2600.2557,2600.9557,2598.4125,2599.1125,100
2026-01-17T02:00:00+00:00,2599.1125,2599.8125,2597.3243,2598.0243,100
2026-01-17T03:00:00+00:00,2598.0243,2598.7243,2596.3012,2597.0012,100
2026-01-17T04:00:00+00:00,2597.0012,2597.7012,2595.3526,2596.0526,100
2026-01-17T05:00:00+00:00,2596.0526,2596.7526,2594.4872,2595.1872,100
2026-01-17T06:00:00+00:00,2595.1872,2595.8872,2593.7128,2594.4128,100
2026-01-17T07:00:00+00:00,2594.4128,2595.1128,2593.0366,2593.7366,100
2026-01-17T08:00:00+00:00,2593.7366,2594.4366,2592.4644,2593.1644,100
2026-01-17T09:00:00+00:00,2593.1644,2593.8644,2592.0011,2592.7011,100
2026-01-17T10:00:00+00:00,2592.7011,2593.4011,2591.6507,2592.3507,100
2026-01-17T11:00:00+00:00,2592.3507,2593.0507,2591.4156,2592.1156,100
2026-01-17T12:00:00+00:00,2592.1156,2592.8156,2591.2975,2591.9975,100
2026-01-17T13:00:00+00:00,2591.9975,2592.6975,2591.2965,2591.9965,100
2026-01-17T14:00:00+00:00,2591.9965,2592.8118,2591.2965,2592.1118,100
2026-01-17T15:00:00+00:00,2592.1118,2593.0413,2591.4118,2592.3413,100
2026-01-17T16:00:00+00:00,2592.3413,2593.3817,2591.6413,2592.6817,100
2026-01-17T17:00:00+00:00,2592.6817,2593.8287,2591.9817,2593.1287,100
2026-01-17T18:00:00+00:00,2593.1287,2594.3770,2592.4287,2593.6770,100
2026-01-17T19:00:00+00:00,2593.6770,2595.0201,2592.9770,2594.3201,100
2026-01-17T20:00:00+00:00,2594.3201,2595.7507,2593.6201,2595.0507,100
2026-01-17T21:00:00+00:00,2595.0507,2596.5607,2594.3507,2595.8607,100
2026-01-17T22:00:00+00:00,2595.8607,2597.4413,2595.1607,2596.7413,100
2026-01-17T23:00:00+00:00,2596.7413,2598.3830,2596.0413,2597.6830,100
2026-01-18T00:00:00+00:00,2597.6830,2599.3759,2596.9830,2598.6759,100
2026-01-18T01:00:00+00:00,2598.6759,2600.4095,2597.9759,2599.7095,100
2026-01-18T02:00:00+00:00,2599.7095,2601.4733,2599.0095,2600.7733,100
2026-01-18T03:00:00+00:00,2600.7733,2602.5564,2600.0733,2601.8564,100
2026-01-18T04:00:00+00:00,2601.8564,2603.6481,2601.1564,2602.9481,100
2026-01-18T05:00:00+00:00,2602.9481,2604.7376,2602.2481,2604.0376,100
2026-01-18T06:00:00+00:00,2604.0376,2605.8146,2603.3376,2605.1146,100
2026-01-18T07:00:00+00:00,2605.1146,2606.8688,2604.4146,2606.1688,100
2026-01-18T08:00:00+00:00,2606.1688,2607.8907,2605.4688,2607.1907,100
2026-01-18T09:00:00+00:00,2607.1907,2608.8710,2606.4907,2608.1710,100
2026-01-18T10:00:00+00:00,2608.1710,2609.8014,2607.4710,2609.1014,100
2026-01-18T11:00:00+00:00,2609.1014,2610.6741,2608.4014,2609.9741,100
2026-01-18T12:00:00+00:00,2609.9741,2611.4824,2609.2741,2610.7824,100
2026-01-18T13:00:00+00:00,2610.7824,2612.2203,2610.0824,2611.5203,100
2026-01-18T14:00:00+00:00,2611.5203,2612.8829,2610.8203,2612.1829,100
2026-01-18T15:00:00+00:00,2612.1829,2613.4662,2611.4829,2612.7662,100
2026-01-18T16:00:00+00:00,2612.7662,2613.9672,2612.0662,2613.2672,100
2026-01-18T17:00:00+00:00,2613.2672,2614.3843,2612.5672,2613.6843,100
2026-01-18T18:00:00+00:00,2613.6843,2614.7166,2612.9843,2614.0166,100
2026-01-18T19:00:00+00:00,2614.0166,2614.9645,2613.3166,2614.2645,100
2026-01-18T20:00:00+00:00,2614.2645,2615.1293,2613.5645,2614.4293,100
2026-01-18T21:00:00+00:00,2614.4293,2615.2134,2613.7293,2614.5134,100
2026-01-18T22:00:00+00:00,2614.5134,2615.2203,2613.8134,2614.5203,100
2026-01-18T23:00:00+00:00,2614.5203,2615.2203,2613.7542,2614.4542,100
2026-01-19T00:00:00+00:00,2614.4542,2615.1542,2613.6203,2614.3203,100
2026-01-19T01:00:00+00:00,2614.3203,2615.0203,2613.4244,2614.1244,100
2026-01-19T02:00:00+00:00,2614.1244,2614.8244,2613.1732,2613.8732,100
2026-01-19T03:00:00+00:00,2613.8732,2614.5732,2612.8739,2613.5739,100
2026-01-19T04:00:00+00:00,2613.5739,2614.2739,2612.5342,2613.2342,100
2026-01-19T05:00:00+00:00,2613.2342,2613.9342,2612.1620,2612.8620,100
2026-01-19T06:00:00+00:00,2612.8620,2613.5620,2611.7657,2612.4657,100
2026-01-19T07:00:00+00:00,2612.4657,2613.1657,2611.3539,2612.0539,100
2026-01-19T08:00:00+00:00,2612.0539,2612.7539,2610.9349,2611.6349,100
2026-01-19T09:00:00+00:00,2611.6349,2612.3349,2610.5172,2611.2172,100
2026-01-19T10:00:00+00:00,2611.2172,2611.9172,2610.1090,2610.8090,100
2026-01-19T11:00:00+00:00,2610.8090,2611.5090,2609.7183,2610.4183,100
2026-01-19T12:00:00+00:00,2610.4183,2611.1183,2609.3524,2610.0524,100
2026-01-19T13:00:00+00:00,2610.0524,2610.7524,2609.0184,2609.7184,100
2026-01-19T14:00:00+00:00,2609.7184,2610.4184,2608.7227,2609.4227,100
2026-01-19T15:00:00+00:00,2609.4227,2610.1227,2608.4708,2609.1708,100
2026-01-19T16:00:00+00:00,2609.1708,2609.8708,2608.2676,2608.9676,100
2026-01-19T17:00:00+00:00,2608.9676,2609.6676,2608.1173,2608.8173,100
2026-01-19T18:00:00+00:00,2608.8173,2609.5173,2608.0228,2608.7228,100
2026-01-19T19:00:00+00:00,2608.7228,2609.4228,2607.9864,2608.6864,100
2026-01-19T20:00:00+00:00,2608.6864,2609.4093,2607.9864,2608.7093,100
2026-01-19T21:00:00+00:00,2608.7093,2609.4918,2608.0093,2608.7918,100
2026-01-19T22:00:00+00:00,2608.7918,2609.6330,2608.0918,2608.9330,100
2026-01-19T23:00:00+00:00,2608.9330,2609.8313,2608.2330,2609.1313,100
2026-01-20T00:00:00+00:00,2609.1313,2610.0838,2608.4313,2609.3838,100
2026-01-20T01:00:00+00:00,2609.3838,2610.3870,2608.6838,2609.6870,100
2026-01-20T02:00:00+00:00,2609.6870,2610.7364,2608.9870,2610.0364,100
2026-01-20T03:00:00+00:00,2610.0364,2611.1265,2609.3364,2610.4265,100
2026-01-20T04:00:00+00:00,2610.4265,2611.5513,2609.7265,2610.8513,100
2026-01-20T05:00:00+00:00,2610.8513,2612.0039,2610.1513,2611.3039,100
2026-01-20T06:00:00+00:00,2611.3039,2612.4771,2610.6039,2611.7771,100
2026-01-20T07:00:00+00:00,2611.7771,2612.9630,2611.0771,2612.2630,100
2026-01-20T08:00:00+00:00,2612.2630,2613.4532,2611.5630,2612.7532,100
2026-01-20T09:00:00+00:00,2612.7532,2613.9394,2612.0532,2613.2394,100
2026-01-20T10:00:00+00:00,2613.2394,2614.4128,2612.5394,2613.7128,100
2026-01-20T11:00:00+00:00,2613.7128,2614.8647,2613.0128,2614.1647,100
2026-01-20T12:00:00+00:00,2614.1647,2615.2864,2613.4647,2614.5864,100
2026-01-20T13:00:00+00:00,2614.5864,2615.6695,2613.8864,2614.9695,100
2026-01-20T14:00:00+00:00,2614.9695,2616.0058,2614.2695,2615.3058,100
2026-01-20T15:00:00+00:00,2615.3058,2616.2877,2614.6058,2615.5877,100
2026-01-20T16:00:00+00:00,2615.5877,2616.5078,2614.8877,2615.8078,100
2026-01-20T17:00:00+00:00,2615.8078,2616.6595,2615.1078,2615.9595,100
2026-01-20T18:00:00+00:00,2615.9595,2616.7371,2615.2595,2616.0371,100
2026-01-20T19:00:00+00:00,2616.0371,2616.7371,2615.3355,2616.0355,100
2026-01-20T20:00:00+00:00,2616.0355,2616.7355,2615.2504,2615.9504,100
2026-01-20T21:00:00+00:00,2615.9504,2616.6504,2615.0787,2615.7787,100
2026-01-20T22:00:00+00:00,2615.7787,2616.4787,2614.8182,2615.5182,100
2026-01-20T23:00:00+00:00,2615.5182,2616.2182,2614.4676,2615.1676,100
2026-01-21T00:00:00+00:00,2615.1676,2615.8676,2614.0270,2614.7270,100
2026-01-21T01:00:00+00:00,2614.7270,2615.4270,2613.4972,2614.1972,100
2026-01-21T02:00:00+00:00,2614.1972,2614.8972,2612.8804,2613.5804,100
2026-01-21T03:00:00+00:00,2613.5804,2614.2804,2612.1797,2612.8797,100
2026-01-21T04:00:00+00:00,2612.8797,2613.5797,2611.3995,2612.0995,100
2026-01-21T05:00:00+00:00,2612.0995,2612.7995,2610.5450,2611.2450,100
2026-01-21T06:00:00+00:00,2611.2450,2611.9450,2609.6224,2610.3224,100
2026-01-21T07:00:00+00:00,2610.3224,2611.0224,2608.6389,2609.3389,100
2026-01-21T08:00:00+00:00,2609.3389,2610.0389,2607.6024,2608.3024,100
2026-01-21T09:00:00+00:00,2608.3024,2609.0024,2606.5219,2607.2219,100
2026-01-21T10:00:00+00:00,2607.2219,2607.9219,2605.4065,2606.1065,100
2026-01-21T11:00:00+00:00,2606.1065,2606.8065,2604.2664,2604.9664,100
2026-01-21T12:00:00+00:00,2604.9664,2605.6664,2603.1120,2603.8120,100
2026-01-21T13:00:00+00:00,2603.8120,2604.5120,2601.9539,2602.6539,100
2026-01-21T14:00:00+00:00,2602.6539,2603.3539,2600.8032,2601.5032,100
2026-01-21T15:00:00+00:00,2601.5032,2602.2032,2599.6709,2600.3709,100
2026-01-21T16:00:00+00:00,2600.3709,2601.0709,2598.5680,2599.2680,100
2026-01-21T17:00:00+00:00,2599.2680,2599.9680,2597.5054,2598.2054,100
2026-01-21T18:00:00+00:00,2598.2054,2598.9054,2596.4937,2597.1937,100
2026-01-21T19:00:00+00:00,2597.1937,2597.8937,2595.5429,2596.2429,100
2026-01-21T20:00:00+00:00,2596.2429,2596.9429,2594.6627,2595.3627,100
2026-01-21T21:00:00+00:00,2595.3627,2596.0627,2593.8622,2594.5622,100
2026-01-21T22:00:00+00:00,2594.5622,2595.2622,2593.1495,2593.8495,100
2026-01-21T23:00:00+00:00,2593.8495,2594.5495,2592.5321,2593.2321,100
2026-01-22T00:00:00+00:00,2593.2321,2593.9321,2592.0165,2592.7165,100
2026-01-22T01:00:00+00:00,2592.7165,2593.4165,2591.6081,2592.3081,100
2026-01-22T02:00:00+00:00,2592.3081,2593.0081,2591.3114,2592.0114,100
2026-01-22T03:00:00+00:00,2592.0114,2592.7114,2591.1297,2591.8297,100
2026-01-22T04:00:00+00:00,2591.8297,2592.5297,2591.0651,2591.7651,100
2026-01-22T05:00:00+00:00,2591.7651,2592.5185,2591.0651,2591.8185,100
2026-01-22T06:00:00+00:00,2591.8185,2592.6898,2591.1185,2591.9898,100
2026-01-22T07:00:00+00:00,2591.9898,2592.9775,2591.2898,2592.2775,100
2026-01-22T08:00:00+00:00,2592.2775,2593.3791,2591.5775,2592.6791,100
2026-01-22T09:00:00+00:00,2592.6791,2593.8907,2591.9791,2593.1907,100
2026-01-22T10:00:00+00:00,2593.1907,2594.5074,2592.4907,2593.8074,100
2026-01-22T11:00:00+00:00,2593.8074,2595.2235,2593.1074,2594.5235,100
2026-01-22T12:00:00+00:00,2594.5235,2596.0319,2593.8235,2595.3319,100
2026-01-22T13:00:00+00:00,2595.3319,2596.9248,2594.6319,2596.2248,100
2026-01-22T14:00:00+00:00,2596.2248,2597.8937,2595.5248,2597.1937,100
2026-01-22T15:00:00+00:00,2597.1937,2598.9292,2596.4937,2598.2292,100
2026-01-22T16:00:00+00:00,2598.2292,2600.0212,2597.5292,2599.3212,100
2026-01-22T17:00:00+00:00,2599.3212,2601.1594,2598.6212,2600.4594,100
2026-01-22T18:00:00+00:00,2600.4594,2602.3328,2599.7594,2601.6328,100
2026-01-22T19:00:00+00:00,2601.6328,2603.5305,2600.9328,2602.8305,100
2026-01-22T20:00:00+00:00,2602.8305,2604.7411,2602.1305,2604.0411,100
2026-01-22T21:00:00+00:00,2604.0411,2605.9533,2603.3411,2605.2533,100
2026-01-22T22:00:00+00:00,2605.2533,2607.1562,2604.5533,2606.4562,100
2026-01-22T23:00:00+00:00,2606.4562,2608.3387,2605.7562,2607.6387,100
2026-01-23T00:00:00+00:00,2607.6387,2609.4903,2606.9387,2608.7903,100
2026-01-23T01:00:00+00:00,2608.7903,2610.6010,2608.0903,2609.9010,100
2026-01-23T02:00:00+00:00,2609.9010,2611.6614,2609.2010,2610.9614,100
2026-01-23T03:00:00+00:00,2610.9614,2612.6627,2610.2614,2611.9627,100
2026-01-23T04:00:00+00:00,2611.9627,2613.5968,2611.2627,2612.8968,100
2026-01-23T05:00:00+00:00,2612.8968,2614.4567,2612.1968,2613.7567,100
2026-01-23T06:00:00+00:00,2613.7567,2615.2363,2613.0567,2614.5363,100
2026-01-23T07:00:00+00:00,2614.5363,2615.9302,2613.8363,2615.2302,100
2026-01-23T08:00:00+00:00,2615.2302,2616.5344,2614.5302,2615.8344,100
2026-01-23T09:00:00+00:00,2615.8344,2617.0459,2615.1344,2616.3459,100
2026-01-23T10:00:00+00:00,2616.3459,2617.4627,2615.6459,2616.7627,100
2026-01-23T11:00:00+00:00,2616.7627,2617.7839,2616.0627,2617.0839,100
2026-01-23T12:00:00+00:00,2617.0839,2618.0100,2616.3839,2617.3100,100
2026-01-23T13:00:00+00:00,2617.3100,2618.1422,2616.6100,2617.4422,100
2026-01-23T14:00:00+00:00,2617.4422,2618.1830,2616.7422,2617.4830,100
2026-01-23T15:00:00+00:00,2617.4830,2618.1830,2616.7359,2617.4359,100
2026-01-23T16:00:00+00:00,2617.4359,2618.1359,2616.6052,2617.3052,100
2026-01-23T17:00:00+00:00,2617.3052,2618.0052,2616.3964,2617.0964,100
2026-01-23T18:00:00+00:00,2617.0964,2617.7964,2616.1154,2616.8154,100
2026-01-23T19:00:00+00:00,2616.8154,2617.5154,2615.7693,2616.4693,100
2026-01-23T20:00:00+00:00,2616.4693,2617.1693,2615.3654,2616.0654,100
2026-01-23T21:00:00+00:00,2616.0654,2616.7654,2614.9118,2615.6118,100
2026-01-23T22:00:00+00:00,2615.6118,2616.3118,2614.4169,2615.1169,100
2026-01-23T23:00:00+00:00,2615.1169,2615.8169,2613.8894,2614.5894,100
2026-01-24T00:00:00+00:00,2614.5894,2615.2894,2613.3382,2614.0382,100
2026-01-24T01:00:00+00:00,2614.0382,2614.7382,2612.7724,2613.4724,100
2026-01-24T02:00:00+00:00,2613.4724,2614.1724,2612.2009,2612.9009,100
2026-01-24T03:00:00+00:00,2612.9009,2613.6009,2611.6323,2612.3323,100
2026-01-24T04:00:00+00:00,2612.3323,2613.0323,2611.0754,2611.7754,100
2026-01-24T05:00:00+00:00,2611.7754,2612.4754,2610.5380,2611.2380,100
2026-01-24T06:00:00+00:00,2611.2380,2611.9380,2610.0279,2610.7279,100
2026-01-24T07:00:00+00:00,2610.7279,2611.4279,2609.5521,2610.2521,100
2026-01-24T08:00:00+00:00,2610.2521,2610.9521,2609.1168,2609.8168,100
2026-01-24T09:00:00+00:00,2609.8168,2610.5168,2608.7276,2609.4276,100
2026-01-24T10:00:00+00:00,2609.4276,2610.1276,2608.3894,2609.0894,100
2026-01-24T11:00:00+00:00,2609.0894,2609.7894,2608.1059,2608.8059,100
2026-01-24T12:00:00+00:00,2608.8059,2609.5059,2607.8800,2608.5800,100
2026-01-24T13:00:00+00:00,2608.5800,2609.2800,2607.7138,2608.4138,100
2026-01-24T14:00:00+00:00,2608.4138,2609.1138,2607.6081,2608.3081,100
2026-01-24T15:00:00+00:00,2608.3081,2609.0081,2607.5629,2608.2629,100
2026-01-24T16:00:00+00:00,2608.2629,2608.9773,2607.5629,2608.2773,100
2026-01-24T17:00:00+00:00,2608.2773,2609.0491,2607.5773,2608.3491,100
2026-01-24T18:00:00+00:00,2608.3491,2609.1754,2607.6491,2608.4754,100
2026-01-24T19:00:00+00:00,2608.4754,2609.3525,2607.7754,2608.6525,100
2026-01-24T20:00:00+00:00,2608.6525,2609.5755,2607.9525,2608.8755,100
2026-01-24T21:00:00+00:00,2608.8755,2609.8391,2608.1755,2609.1391,100
2026-01-24T22:00:00+00:00,2609.1391,2610.1370,2608.4391,2609.4370,100
2026-01-24T23:00:00+00:00,2609.4370,2610.4625,2608.7370,2609.7625,100
2026-01-25T00:00:00+00:00,2609.7625,2610.8082,2609.0625,2610.1082,100
2026-01-25T01:00:00+00:00,2610.1082,2611.1664,2609.4082,2610.4664,100
2026-01-25T02:00:00+00:00,2610.4664,2611.5292,2609.7664,2610.8292,100
2026-01-25T03:00:00+00:00,2610.8292,2611.8881,2610.1292,2611.1881,100
2026-01-25T04:00:00+00:00,2611.1881,2612.2350,2610.4881,2611.5350,100
2026-01-25T05:00:00+00:00,2611.5350,2612.5616,2610.8350,2611.8616,100
2026-01-25T06:00:00+00:00,2611.8616,2612.8596,2611.1616,2612.1596,100
2026-01-25T07:00:00+00:00,2612.1596,2613.1212,2611.4596,2612.4212,100
2026-01-25T08:00:00+00:00,2612.4212,2613.3389,2611.7212,2612.6389,100
2026-01-25T09:00:00+00:00,2612.6389,2613.5056,2611.9389,2612.8056,100
2026-01-25T10:00:00+00:00,2612.8056,2613.6150,2612.1056,2612.9150,100
2026-01-25T11:00:00+00:00,2612.9150,2613.6613,2612.2150,2612.9613,100
2026-01-25T12:00:00+00:00,2612.9613,2613.6613,2612.2393,2612.9393,100
2026-01-25T13:00:00+00:00,2612.9393,2613.6393,2612.1451,2612.8451,100
2026-01-25T14:00:00+00:00,2612.8451,2613.5451,2611.9752,2612.6752,100
2026-01-25T15:00:00+00:00,2612.6752,2613.3752,2611.7275,2612.4275,100
2026-01-25T16:00:00+00:00,2612.4275,2613.1275,2611.4006,2612.1006,100
2026-01-25T17:00:00+00:00,2612.1006,2612.8006,2610.9943,2611.6943,100
2026-01-25T18:00:00+00:00,2611.6943,2612.3943,2610.5094,2611.2094,100
2026-01-25T19:00:00+00:00,2611.2094,2611.9094,2609.9478,2610.6478,100
2026-01-25T20:00:00+00:00,2610.6478,2611.3478,2609.3124,2610.0124,100
2026-01-25T21:00:00+00:00,2610.0124,2610.7124,2608.6070,2609.3070,100
2026-01-25T22:00:00+00:00,2609.3070,2610.0070,2607.8368,2608.5368,100
2026-01-25T23:00:00+00:00,2608.5368,2609.2368,2607.0075,2607.7075,100
2026-01-26T00:00:00+00:00,2607.7075,2608.4075,2606.1259,2606.8259,100
2026-01-26T01:00:00+00:00,2606.8259,2607.5259,2605.1996,2605.8996,100
2026-01-26T02:00:00+00:00,2605.8996,2606.5996,2604.2369,2604.9369,100
2026-01-26T03:00:00+00:00,2604.9369,2605.6369,2603.2468,2603.9468,100
2026-01-26T04:00:00+00:00,2603.9468,2604.6468,2602.2388,2602.9388,100
2026-01-26T05:00:00+00:00,2602.9388,2603.6388,2601.2229,2601.9229,100
2026-01-26T06:00:00+00:00,2601.9229,2602.6229,2600.2091,2600.9091,100
2026-01-26T07:00:00+00:00,2600.9091,2601.6091,2599.2081,2599.9081,100
2026-01-26T08:00:00+00:00,2599.9081,2600.6081,2598.2304,2598.9304,100
2026-01-26T09:00:00+00:00,2598.9304,2599.6304,2597.2863,2597.9863,100
2026-01-26T10:00:00+00:00,2597.9863,2598.6863,2596.3863,2597.0863,100
2026-01-26T11:00:00+00:00,2597.0863,2597.7863,2595.5403,2596.2403,100
2026-01-26T12:00:00+00:00,2596.2403,2596.9403,2594.7580,2595.4580,100
2026-01-26T13:00:00+00:00,2595.4580,2596.1580,2594.0484,2594.7484,100
2026-01-26T14:00:00+00:00,2594.7484,2595.4484,2593.4200,2594.1200,100
2026-01-26T15:00:00+00:00,2594.1200,2594.8200,2592.8805,2593.5805,100
2026-01-26T16:00:00+00:00,2593.5805,2594.2805,2592.4367,2593.1367,100
2026-01-26T17:00:00+00:00,2593.1367,2593.8367,2592.0946,2592.7946,100
2026-01-26T18:00:00+00:00,2592.7946,2593.4946,2591.8592,2592.5592,100
2026-01-26T19:00:00+00:00,2592.5592,2593.2592,2591.7343,2592.4343,100
2026-01-26T20:00:00+00:00,2592.4343,2593.1343,2591.7227,2592.4227,100
2026-01-26T21:00:00+00:00,2592.4227,2593.2261,2591.7227,2592.5261,100
2026-01-26T22:00:00+00:00,2592.5261,2593.4449,2591.8261,2592.7449,100
2026-01-26T23:00:00+00:00,2592.7449,2593.7784,2592.0449,2593.0784,100
2026-01-27T00:00:00+00:00,2593.0784,2594.2246,2592.3784,2593.5246,100
2026-01-27T01:00:00+00:00,2593.5246,2594.7806,2592.8246,2594.0806,100
2026-01-27T02:00:00+00:00,2594.0806,2595.4420,2593.3806,2594.7420,100
2026-01-27T03:00:00+00:00,2594.7420,2596.2035,2594.0420,2595.5035,100
2026-01-27T04:00:00+00:00,2595.5035,2597.0589,2594.8035,2596.3589,100
2026-01-27T05:00:00+00:00,2596.3589,2598.0007,2595.6589,2597.3007,100
2026-01-27T06:00:00+00:00,2597.3007,2599.0208,2596.6007,2598.3208,100
2026-01-27T07:00:00+00:00,2598.3208,2600.1101,2597.6208,2599.4101,100
2026-01-27T08:00:00+00:00,2599.4101,2601.2589,2598.7101,2600.5589,100
2026-01-27T09:00:00+00:00,2600.5589,2602.4569,2599.8589,2601.7569,100
2026-01-27T10:00:00+00:00,2601.7569,2603.6932,2601.0569,2602.9932,100
2026-01-27T11:00:00+00:00,2602.9932,2604.9568,2602.2932,2604.2568,100
2026-01-27T12:00:00+00:00,2604.2568,2606.2361,2603.5568,2605.5361,100
2026-01-27T13:00:00+00:00,2605.5361,2607.5197,2604.8361,2606.8197,100
2026-01-27T14:00:00+00:00,2606.8197,2608.7961,2606.1197,2608.0961,100
2026-01-27T15:00:00+00:00,2608.0961,2610.0539,2607.3961,2609.3539,100
2026-01-27T16:00:00+00:00,2609.3539,2611.2820,2608.6539,2610.5820,100
2026-01-27T17:00:00+00:00,2610.5820,2612.4696,2609.8820,2611.7696,100
2026-01-27T18:00:00+00:00,2611.7696,2613.6066,2611.0696,2612.9066,100
2026-01-27T19:00:00+00:00,2612.9066,2614.6834,2612.2066,2613.9834,100
2026-01-27T20:00:00+00:00,2613.9834,2615.6910,2613.2834,2614.9910,100
2026-01-27T21:00:00+00:00,2614.9910,2616.6215,2614.2910,2615.9215,100
2026-01-27T22:00:00+00:00,2615.9215,2617.4677,2615.2215,2616.7677,100
2026-01-27T23:00:00+00:00,2616.7677,2618.2233,2616.0677,2617.5233,100
2026-01-28T00:00:00+00:00,2617.5233,2618.8832,2616.8233,2618.1832,100
2026-01-28T01:00:00+00:00,2618.1832,2619.4433,2617.4832,2618.7433,100
2026-01-28T02:00:00+00:00,2618.7433,2619.9006,2618.0433,2619.2006,100
2026-01-28T03:00:00+00:00,2619.2006,2620.2534,2618.5006,2619.5534,100
2026-01-28T04:00:00+00:00,2619.5534,2620.5009,2618.8534,2619.8009,100
2026-01-28T05:00:00+00:00,2619.8009,2620.6436,2619.1009,2619.9436,100
2026-01-28T06:00:00+00:00,2619.9436,2620.6832,2619.2436,2619.9832,100
2026-01-28T07:00:00+00:00,2619.9832,2620.6832,2619.2222,2619.9222,100
2026-01-28T08:00:00+00:00,2619.9222,2620.6222,2619.0645,2619.7645,100
2026-01-28T09:00:00+00:00,2619.7645,2620.4645,2618.8147,2619.5147,100
2026-01-28T10:00:00+00:00,2619.5147,2620.2147,2618.4786,2619.1786,100
2026-01-28T11:00:00+00:00,2619.1786,2619.8786,2618.0627,2618.7627,100
2026-01-28T12:00:00+00:00,2618.7627,2619.4627,2617.5743,2618.2743,100
2026-01-28T13:00:00+00:00,2618.2743,2618.9743,2617.0212,2617.7212,100
2026-01-28T14:00:00+00:00,2617.7212,2618.4212,2616.4120,2617.1120,100
2026-01-28T15:00:00+00:00,2617.1120,2617.8120,2615.7556,2616.4556,100
2026-01-28T16:00:00+00:00,2616.4556,2617.1556,2615.0614,2615.7614,100
2026-01-28T17:00:00+00:00,2615.7614,2616.4614,2614.3387,2615.0387,100
2026-01-28T18:00:00+00:00,2615.0387,2615.7387,2613.5972,2614.2972,100
2026-01-28T19:00:00+00:00,2614.2972,2614.9972,2612.8465,2613.5465,100
2026-01-28T20:00:00+00:00,2613.5465,2614.2465,2612.0960,2612.7960,100
2026-01-28T21:00:00+00:00,2612.7960,2613.4960,2611.3547,2612.0547,100
2026-01-28T22:00:00+00:00,2612.0547,2612.7547,2610.6315,2611.3315,100
2026-01-28T23:00:00+00:00,2611.3315,2612.0315,2609.9347,2610.6347,100
