exit_time,m15_open,m15_confirm,m15_atr_stop
2026-01-30 07:45:00+00:00,1.021875872476891,1.0050780005756499,1.021875872476891
2026-01-30 11:45:00+00:00,1.0556569777482419,1.03302732311861,1.0556569777482419
2026-01-30 12:15:00+00:00,1.0556569777482419,1.03302732311861,1.043235280588672
2026-01-30 15:45:00+00:00,1.0542419771730036,1.0535008680131852,1.043235280588672
2026-01-30 18:30:00+00:00,1.0542419771730036,1.0535008680131852,1.0346811192911325
2026-01-30 19:45:00+00:00,1.0185276663783838,1.0110696015326286,1.0346811192911325
2026-01-30 21:00:00+00:00,1.0185276663783838,1.0110696015326286,1.021635174814528
2026-01-30 23:45:00+00:00,1.00987206834499,0.9936268591244988,1.021635174814528
2026-02-02 01:00:00+00:00,1.00987206834499,0.9936268591244988,1.0086911516339656
2026-02-02 03:45:00+00:00,0.9956236085282046,0.9858509475107118,1.0086911516339656
2026-02-02 07:45:00+00:00,1.0351253127806914,1.0240146802705339,1.0487113150899594
2026-02-02 09:45:00+00:00,1.0351253127806914,1.0240146802705339,1.0360253405184636
2026-02-02 11:45:00+00:00,0.9962460484485428,0.9824348477806563,1.0360253405184636
2026-02-02 12:30:00+00:00,0.9962460484485428,0.9824348477806563,1.0245099582474375
2026-02-02 15:45:00+00:00,0.9933395981611064,0.9773322368494426,1.0245099582474375
2026-02-02 16:30:00+00:00,0.9933395981611064,0.9773322368494426,1.0151526771883164
2026-02-02 19:45:00+00:00,1.0001149490409027,0.98715766091679,1.0151526771883164
2026-02-02 23:45:00+00:00,1.002914420122629,0.981804816228293,1.0179942411165939
2026-02-03 01:00:00+00:00,1.002914420122629,0.981804816228293,1.0105216088357574
2026-02-03 03:45:00+00:00,0.9657199256768588,0.958998171046059,1.0105216088357574
2026-02-03 04:00:00+00:00,0.9657199256768588,0.958998171046059,1.0020999219737625
2026-02-03 07:45:00+00:00,0.9625047227414326,0.9672194097332446,1.0020999219737625
2026-02-03 08:15:00+00:00,0.9625047227414326,0.9672194097332446,0.9968512375818568
2026-02-03 11:45:00+00:00,0.9443210746223745,0.9602915353016378,0.9968512375818568
2026-02-03 13:00:00+00:00,0.9443210746223745,0.9602915353016378,0.9921922244541942
2026-02-03 15:45:00+00:00,0.9474761236961635,0.9621944643406644,0.9921922244541942
2026-02-03 16:15:00+00:00,0.9474761236961635,0.9621944643406644,0.9877135044638028
2026-02-03 19:45:00+00:00,0.9467606131955242,0.9630125226713298,0.9877135044638028
2026-02-03 23:00:00+00:00,0.9467606131955242,0.9630125226713298,0.981358366873355
2026-02-03 23:45:00+00:00,0.9432985554691311,0.9554840182729559,0.981358366873355
2026-02-04 01:00:00+00:00,0.9432985554691311,0.9554840182729559,0.9760922659838793
2026-02-04 03:45:00+00:00,0.9622481955096958,0.974390729532249,0.9760922659838793
2026-02-04 07:45:00+00:00,0.9684668153766857,0.9780907329862614,0.9824003544641569
2026-02-04 08:00:00+00:00,0.9684668153766857,0.9780907329862614,0.9793764836127439
2026-02-04 11:45:00+00:00,0.9647367803112611,0.9759897553514151,0.9793764836127439
2026-02-04 15:45:00+00:00,0.9659064690576141,0.9759308513098561,0.9805639221708085
2026-02-04 19:45:00+00:00,0.9957425859906065,1.0048793226084813,1.0108527966937275
2026-02-04 21:00:00+00:00,0.9957425859906065,1.0048793226084813,1.0022915572608915
2026-02-04 23:45:00+00:00,0.9821028057453292,0.9957150718745108,1.0022915572608915
2026-02-05 03:15:00+00:00,0.9821028057453292,0.9957150718745108,0.9976533876411843
2026-02-05 03:45:00+00:00,0.9783436398578328,0.9855144636718914,0.9976533876411843
2026-02-05 07:45:00+00:00,0.9906434720991261,0.9893897500751972,1.0101959839263992
2026-02-05 09:15:00+00:00,0.9906434720991261,0.9893897500751972,1.0019532252734342
2026-02-05 11:45:00+00:00,0.9989211923654314,1.00425327770297,1.0019532252734342
2026-02-05 12:45:00+00:00,0.9989211923654314,1.00425327770297,0.9962333444919589
2026-02-05 15:45:00+00:00,1.0029752937232772,1.0096436860471294,0.9962333444919589
2026-02-05 16:45:00+00:00,1.0029752937232772,1.0096436860471294,0.9898555275433877
2026-02-05 19:45:00+00:00,0.9959693642498874,0.9981350952915591,0.9898555275433877
2026-02-05 21:30:00+00:00,0.9959693642498874,0.9981350952915591,0.9838874197948777
2026-02-05 23:45:00+00:00,0.9777120738458909,0.9796873933321901,0.9838874197948777
2026-02-06 03:45:00+00:00,0.9809083012863511,0.9785264476131759,0.9871038349886699
2026-02-06 04:15:00+00:00,0.9809083012863511,0.9785264476131759,0.9785220943588486
2026-02-06 07:45:00+00:00,0.955522943619307,0.9621554451234321,0.9785220943588486
2026-02-06 08:00:00+00:00,0.955522943619307,0.9621554451234321,0.973631590361946
2026-02-06 11:45:00+00:00,0.9494807361899871,0.965607736902687,0.973631590361946
2026-02-06 13:00:00+00:00,0.9494807361899871,0.965607736902687,0.969566250207331
2026-02-06 15:45:00+00:00,0.9373618432894913,0.9509144368333923,0.969566250207331
2026-02-06 16:00:00+00:00,0.9373618432894913,0.9509144368333923,0.9657857203610298
2026-02-06 19:45:00+00:00,0.9432388720621697,0.9562849199076016,0.9657857203610298
2026-02-06 22:30:00+00:00,0.9432388720621697,0.9562849199076016,0.9622838803013006
2026-02-06 23:45:00+00:00,0.9445526896406041,0.9566121271800534,0.9622838803013006
2026-02-09 01:00:00+00:00,0.9445526896406041,0.9566121271800534,0.9600362187483309
2026-02-09 03:45:00+00:00,0.944845887631614,0.9485261905699891,0.9600362187483309
2026-02-09 07:45:00+00:00,0.9551132966392256,0.9559842098158503,0.9704686973663181
2026-02-09 08:15:00+00:00,0.9551132966392256,0.9559842098158503,0.9676133023953994
2026-02-09 11:45:00+00:00,0.9497065297615591,0.9506314105299623,0.9676133023953994
2026-02-09 15:00:00+00:00,0.9497065297615591,0.9506314105299623,0.9648391862473991
2026-02-09 15:45:00+00:00,0.9498366296639924,0.9475682308003853,0.9648391862473991
2026-02-09 16:15:00+00:00,0.9498366296639924,0.9475682308003853,0.9622036362456081
2026-02-09 19:45:00+00:00,0.9423363718196757,0.9444590840633534,0.9622036362456081
2026-02-09 23:45:00+00:00,0.9446039907391743,0.9444820504737373,0.9645190633427789
2026-02-10 01:00:00+00:00,0.9446039907391743,0.9444820504737373,0.9614480512930874
2026-02-10 03:45:00+00:00,0.9395060858545395,0.9461744873461302,0.9614480512930874
2026-02-10 04:15:00+00:00,0.9395060858545395,0.9461744873461302,0.9570406249921737
2026-02-10 07:45:00+00:00,0.9383042474562253,0.9460002105785508,0.9570406249921737
2026-02-10 08:30:00+00:00,0.9383042474562253,0.9460002105785508,0.9547047436810625
2026-02-10 11:45:00+00:00,0.9397369350688327,0.9494097898061494,0.9547047436810625
2026-02-10 14:30:00+00:00,0.9397369350688327,0.9494097898061494,0.95228282796659
2026-02-10 15:45:00+00:00,0.9404733724576381,0.9500465067045192,0.95228282796659
2026-02-10 16:45:00+00:00,0.9404733724576381,0.9500465067045192,0.9498408664887885
2026-02-10 19:45:00+00:00,0.9358509781375643,0.9444907066533448,0.9498408664887885
2026-02-10 22:45:00+00:00,0.9358509781375643,0.9444907066533448,0.9465812067038396
2026-02-10 23:45:00+00:00,0.9360155744350925,0.9427912454752898,0.9465812067038396
2026-02-11 01:00:00+00:00,0.9360155744350925,0.9427912454752898,0.9449048193847838
2026-02-11 03:45:00+00:00,0.9311066622975684,0.9408339102305351,0.9449048193847838
2026-02-11 04:00:00+00:00,0.9311066622975684,0.9408339102305351,0.9425308707367974
2026-02-11 07:45:00+00:00,0.9311365167414748,0.9428327862279468,0.9425308707367974
2026-02-11 11:45:00+00:00,0.932931799309041,0.9443179529580443,0.9443481222474012
2026-02-11 14:30:00+00:00,0.932931799309041,0.9443179529580443,0.9426791203991219
2026-02-11 15:45:00+00:00,0.9334599351060535,0.9437191797076228,0.9426791203991219
2026-02-11 16:30:00+00:00,0.9334599351060535,0.9437191797076228,0.9386000492223859
2026-02-11 19:45:00+00:00,0.9382008415555755,0.9470352851110392,0.9386000492223859
2026-02-11 20:00:00+00:00,0.9382008415555755,0.9470352851110392,0.9351541901361768
2026-02-11 23:45:00+00:00,0.9368696576959151,0.9490245538670121,0.9351541901361768
2026-02-12 01:00:00+00:00,0.9368696576959151,0.9490245538670121,0.9329884864454953
2026-02-12 03:45:00+00:00,0.9408372428820836,0.9489523905434674,0.9329884864454953
2026-02-12 07:00:00+00:00,0.9408372428820836,0.9489523905434674,0.9303943745684382
2026-02-12 07:45:00+00:00,0.9386161416099823,0.9472734685804051,0.9303943745684382
2026-02-12 08:00:00+00:00,0.9386161416099823,0.9472734685804051,0.928514828328592
2026-02-12 11:45:00+00:00,0.9381623197031852,0.9501668445710231,0.928514828328592
2026-02-12 15:45:00+00:00,0.9377480799969427,0.9483906319449665,0.9267871865556866
2026-02-12 16:00:00+00:00,0.9377480799969427,0.9483906319449665,0.9250196080578096
2026-02-12 19:45:00+00:00,0.9128927902143174,0.9251453835101043,0.9250196080578096
2026-02-12 23:45:00+00:00,0.9164287180398836,0.9275259883672319,0.9286025069550153
2026-02-13 02:00:00+00:00,0.9164287180398836,0.9275259883672319,0.9255536320606446
2026-02-13 03:45:00+00:00,0.9057784268230916,0.9142205412487957,0.9255536320606446
2026-02-13 07:45:00+00:00,0.8995047950957566,0.9069433690643725,0.9217981542250572
2026-02-13 08:00:00+00:00,0.8995047950957566,0.9069433690643725,0.9193823377880556
2026-02-13 11:45:00+00:00,0.8951555907014775,0.9038076815477963,0.9193823377880556
2026-02-13 12:45:00+00:00,0.8951555907014775,0.9038076815477963,0.9169210525972042
2026-02-13 15:45:00+00:00,0.8981504111915218,0.9064520980449188,0.9169210525972042
2026-02-13 16:30:00+00:00,0.8981504111915218,0.9064520980449188,0.9140347455611659
2026-02-13 19:45:00+00:00,0.9042540784942457,0.9104706028507803,0.9140347455611659
2026-02-13 23:45:00+00:00,0.9080078761866931,0.9127722114723663,0.917829145387836
2026-02-16 01:00:00+00:00,0.9080078761866931,0.9127722114723663,0.9156458501244771
2026-02-16 03:45:00+00:00,0.9080745106830513,0.9127705778430816,0.9156458501244771
2026-02-16 04:30:00+00:00,0.9080745106830513,0.9127705778430816,0.9132599397342219
2026-02-16 07:45:00+00:00,0.9011471750642338,0.9115205074383931,0.9132599397342219
2026-02-16 08:30:00+00:00,0.9011471750642338,0.9115205074383931,0.911516177643394
2026-02-16 11:45:00+00:00,0.897027692584719,0.9072471728056019,0.911516177643394
2026-02-16 12:15:00+00:00,0.897027692584719,0.9072471728056019,0.910001744243148
2026-02-16 15:45:00+00:00,0.8941164966095585,0.9052054373425903,0.910001744243148
2026-02-16 19:45:00+00:00,0.895098804296679,0.9058360783551731,0.9110015040194778
2026-02-16 21:15:00+00:00,0.8950693954726205,0.9063306693591404,0.9109715727059512
2026-02-17 01:00:00+00:00,0.8950693954726205,0.9063306693591404,0.9099073719605891
2026-02-17 03:45:00+00:00,0.8882701662701266,0.8996911913487255,0.9099073719605891
2026-02-17 07:45:00+00:00,0.9006263037127382,0.912785799360978,0.9225644902281092
2026-02-17 08:30:00+00:00,0.9006263037127382,0.912785799360978,0.9196093597322229
2026-02-17 11:45:00+00:00,0.8937579006691477,0.9091780246185414,0.9196093597322229
2026-02-17 12:45:00+00:00,0.8937579006691477,0.9091780246185414,0.9174855557612468
2026-02-17 15:45:00+00:00,0.8837365960717696,0.8971006786143069,0.9174855557612468
2026-02-17 16:00:00+00:00,0.8837365960717696,0.8971006786143069,0.9141545563211106
2026-02-17 19:45:00+00:00,0.8847272874149373,0.8980198712308987,0.9141545563211106
2026-02-17 20:15:00+00:00,0.8847272874149373,0.8980198712308987,0.9110274846309335
2026-02-17 23:45:00+00:00,0.8825155828549553,0.9010178891598662,0.9110274846309335
2026-02-18 01:45:00+00:00,0.8825155828549553,0.9010178891598662,0.9090334889949467
2026-02-18 03:45:00+00:00,0.8868382399260709,0.9023713186194212,0.9090334889949467
2026-02-18 07:45:00+00:00,0.894698051943674,0.9087519321466276,0.9170900116160301
2026-02-18 08:15:00+00:00,0.894698051943674,0.9087519321466276,0.9157101223894177
2026-02-18 11:45:00+00:00,0.891770508482309,0.9063095252787557,0.9157101223894177
2026-02-18 14:00:00+00:00,0.891770508482309,0.9063095252787557,0.9143189558578464
2026-02-18 15:45:00+00:00,0.8850310594758234,0.898487913274136,0.9143189558578464
2026-02-18 19:45:00+00:00,0.8930142242727916,0.9058610910245055,0.9225663035903974
2026-02-18 20:15:00+00:00,0.8930142242727916,0.9058610910245055,0.9210363311269444
2026-02-18 23:45:00+00:00,0.8890638819993841,0.9040203463253828,0.9210363311269444
2026-02-19 01:30:00+00:00,0.8890638819993841,0.9040203463253828,0.9193490391170785
2026-02-19 03:45:00+00:00,0.8894711258434383,0.9055793556486554,0.9193490391170785
2026-02-19 05:45:00+00:00,0.8894711258434383,0.9055793556486554,0.917561897675367
2026-02-19 07:45:00+00:00,0.8851861234581629,0.9011475793363113,0.917561897675367
2026-02-19 11:45:00+00:00,0.8849570654389242,0.900544927428309,0.9173244618353321
2026-02-19 15:45:00+00:00,0.884701793109747,0.8991314266663172,0.9170598528942557
2026-02-19 16:00:00+00:00,0.884701793109747,0.8991314266663172,0.9150690670184294
2026-02-19 19:45:00+00:00,0.8825523443132564,0.9003179142150102,0.9150690670184294
2026-02-19 22:30:00+00:00,0.8825523443132564,0.9003179142150102,0.9127474940995354
2026-02-19 23:45:00+00:00,0.8805797191770283,0.8970367174927404,0.9127474940995354
2026-02-20 01:45:00+00:00,0.8805797191770283,0.8970367174927404,0.9113741544548352
2026-02-20 03:45:00+00:00,0.8806184917479265,0.8966903684982577,0.9113741544548352
2026-02-20 05:30:00+00:00,0.8806184917479265,0.8966903684982577,0.9094263830685058
2026-02-20 07:45:00+00:00,0.8832156005384313,0.8992915046485797,0.9094263830685058
2026-02-20 11:45:00+00:00,0.8859300747067728,0.901269569133399,0.9122214134363376
2026-02-20 13:45:00+00:00,0.8859300747067728,0.901269569133399,0.9104801041997552
2026-02-20 15:45:00+00:00,0.8887059686175443,0.9043021732326808,0.9104801041997552
2026-02-20 17:00:00+00:00,0.8887059686175443,0.9043021732326808,0.9086065925120445
2026-02-20 19:45:00+00:00,0.8938692719698987,0.9079055147967988,0.9086065925120445
2026-02-20 23:45:00+00:00,0.8995417012510647,0.9148121417157822,0.9143725437557508
2026-02-23 03:45:00+00:00,0.9084787382654171,0.9168249684307422,0.9234569266777295
2026-02-23 07:45:00+00:00,0.9086332309664568,0.9163891583743206,0.923613966516844
2026-02-23 08:30:00+00:00,0.9086332309664568,0.9163891583743206,0.9220989294060726
2026-02-23 11:45:00+00:00,0.9070846355108858,0.9146092463401633,0.9220989294060726
2026-02-23 12:45:00+00:00,0.9070846355108858,0.9146092463401633,0.920199147876643
2026-02-23 15:45:00+00:00,0.9076483222095627,0.9156546651963835,0.920199147876643
2026-02-23 16:00:00+00:00,0.9076483222095627,0.9156546651963835,0.9185139841953964
2026-02-23 19:45:00+00:00,0.8967586023982357,0.9138452395053,0.9185139841953964
2026-02-23 23:45:00+00:00,0.9001454789308875,0.9164888905337053,0.9219830264211016
2026-02-24 02:00:00+00:00,0.9001454789308875,0.9164888905337053,0.9205459392980989
2026-02-24 03:45:00+00:00,0.8915687448666351,0.9047376528038316,0.9205459392980989
2026-02-24 07:45:00+00:00,0.890648472723409,0.9029493212306734,0.9195957570610324
2026-02-24 08:15:00+00:00,0.890648472723409,0.9029493212306734,0.9179787071815813
2026-02-24 11:45:00+00:00,0.8886835024406521,0.9033469131080789,0.9179787071815813
2026-02-24 12:15:00+00:00,0.8886835024406521,0.9033469131080789,0.9164288448747957
2026-02-24 15:45:00+00:00,0.898366761319924,0.9130084886058125,0.9164288448747957
2026-02-24 16:30:00+00:00,0.898366761319924,0.9130084886058125,0.9139252954952455
2026-02-24 19:45:00+00:00,0.8897770388753365,0.9024604711600902,0.9139252954952455
2026-02-24 21:00:00+00:00,0.8897770388753365,0.9024604711600902,0.9118547964892303
2026-02-24 23:45:00+00:00,0.886346892904337,0.8988822038669,0.9118547964892303
2026-02-25 02:30:00+00:00,0.886346892904337,0.8988822038669,0.9098862241010524
2026-02-25 03:45:00+00:00,0.8805556885573257,0.891682506739436,0.9098862241010524
2026-02-25 07:45:00+00:00,0.8847966743776587,0.8939169717841933,0.9142684734291455
2026-02-25 08:00:00+00:00,0.8847966743776587,0.8939169717841933,0.9125132933766118
2026-02-25 11:45:00+00:00,0.8833243039101534,0.8941811095625029,0.9125132933766118
2026-02-25 15:45:00+00:00,0.8847102094888124,0.8940807308556333,0.9139449954800103
2026-02-25 16:45:00+00:00,0.8847102094888124,0.8940807308556333,0.9124910993887526
2026-02-25 19:45:00+00:00,0.8809382785026029,0.8890429704606335,0.9124910993887526
2026-02-25 21:00:00+00:00,0.8809382785026029,0.8890429704606335,0.9105622055283816
2026-02-25 23:45:00+00:00,0.8737983936698741,0.8817933656921082,0.9105622055283816
2026-02-26 01:00:00+00:00,0.8737983936698741,0.8817933656921082,0.9081740444482481
2026-02-26 03:45:00+00:00,0.8683799273978734,0.8769156258437679,0.9081740444482481
2026-02-26 04:30:00+00:00,0.8683799273978734,0.8769156258437679,0.9057592699289589
2026-02-26 07:45:00+00:00,0.8695011698234029,0.8792588872143609,0.9057592699289589
2026-02-26 08:45:00+00:00,0.8695011698234029,0.8792588872143609,0.9045344037281479
2026-02-26 11:45:00+00:00,0.8674745305687416,0.8774797610166433,0.9045344037281479
2026-02-26 15:45:00+00:00,0.8708093112783072,0.8796477666049101,0.9080116515024582
2026-02-26 17:30:00+00:00,0.8708093112783072,0.8796477666049101,0.9062434345153264
2026-02-26 19:45:00+00:00,0.8705915212950764,0.8792079963728947,0.9062434345153264
2026-02-26 23:45:00+00:00,0.8735777409083352,0.8812073590183489,0.9093519439050237
2026-02-27 01:00:00+00:00,0.8735777409083352,0.8812073590183489,0.9078610456717009
2026-02-27 03:45:00+00:00,0.8752356062373531,0.882599459937644,0.9078610456717009
2026-02-27 04:15:00+00:00,0.8752356062373531,0.882599459937644,0.9061679807665289
2026-02-27 07:45:00+00:00,0.8758698911086968,0.8831472615429959,0.9061679807665289
2026-02-27 08:45:00+00:00,0.8758698911086968,0.8831472615429959,0.9050023241102628
2026-02-27 11:45:00+00:00,0.8721603102372653,0.880133115772399,0.9050023241102628
2026-02-27 13:45:00+00:00,0.8721603102372653,0.880133115772399,0.9037747978299165
2026-02-27 15:45:00+00:00,0.8642112369479699,0.8718384556063226,0.9037747978299165
2026-02-27 19:45:00+00:00,0.8661633227512612,0.8731557455850131,0.9058162500545449
2026-02-27 23:45:00+00:00,0.8734224150820997,0.8796231400476031,0.9134076633841165
2026-03-02 03:45:00+00:00,0.8774552205683593,0.8760171346490327,0.9176250905676641
2026-03-02 07:45:00+00:00,0.8842356911889886,0.8822331086680479,0.9247159709014959
2026-03-02 11:45:00+00:00,0.8884851558758567,0.8849771000338904,0.9291599759364488
2026-03-02 13:45:00+00:00,0.8884851558758567,0.8849771000338904,0.9267765663733337
2026-03-02 15:45:00+00:00,0.8887621483734509,0.8838989548443767,0.9267765663733337
2026-03-02 16:00:00+00:00,0.8887621483734509,0.8838989548443767,0.923812929693709
2026-03-02 19:45:00+00:00,0.874373770752952,0.8771411072885119,0.923812929693709
2026-03-02 21:00:00+00:00,0.874373770752952,0.8771411072885119,0.9192095340785698
2026-03-02 23:45:00+00:00,0.8718682771424932,0.8727205738590338,0.9192095340785698
2026-03-03 03:45:00+00:00,0.8744894607725485,0.8727472189704142,0.9219730444005811
2026-03-03 07:45:00+00:00,0.871131091842958,0.8676859493869206,0.9191599037763754
2026-03-03 10:00:00+00:00,0.871131091842958,0.8676859493869206,0.9164649409229723
2026-03-03 11:45:00+00:00,0.8783387369018066,0.8700790736903852,0.9164649409229723
2026-03-03 15:45:00+00:00,0.8979902550369062,0.8891941034914521,0.9369694759617635
2026-03-03 19:45:00+00:00,0.9114806316771688,0.9007020247070823,0.9510454317533261
2026-03-03 20:15:00+00:00,0.9114806316771688,0.9007020247070823,0.9449134144320217
2026-03-03 23:45:00+00:00,0.909812554805908,0.9049049766374501,0.9449134144320217
2026-03-04 03:45:00+00:00,0.9228498254274621,0.9150826553371021,0.9584536671278256
2026-03-04 04:45:00+00:00,0.9228498254274621,0.9150826553371021,0.9551653568291583
2026-03-04 07:45:00+00:00,0.9201540924845174,0.9097619542337033,0.9551653568291583
2026-03-04 10:45:00+00:00,0.9201540924845174,0.9097619542337033,0.9520584595787002
2026-03-04 11:45:00+00:00,0.9161515849111422,0.9026326930298889,0.9520584595787002
2026-03-04 14:30:00+00:00,0.9161515849111422,0.9026326930298889,0.9494218007877722
2026-03-04 15:45:00+00:00,0.9135911323945626,0.8973101170504946,0.9494218007877722
2026-03-04 16:30:00+00:00,0.9135911323945626,0.8973101170504946,0.9466353221998033
2026-03-04 19:45:00+00:00,0.9183180454920815,0.9014757821676262,0.9466353221998033
2026-03-04 23:45:00+00:00,0.9182385539848426,0.8985283341715801,0.9465533794905898
2026-03-05 03:45:00+00:00,0.9229157956539747,0.9030490239175039,0.9513748486931174
2026-03-05 07:30:00+00:00,0.9229157956539747,0.9030490239175039,0.9493918756657258
2026-03-05 07:45:00+00:00,0.9186060515794137,0.8977680925805226,0.9493918756657258
2026-03-05 08:45:00+00:00,0.9186060515794137,0.8977680925805226,0.9470464574605907
2026-03-05 11:45:00+00:00,0.9163875385754846,0.8927997136420603,0.9470464574605907
2026-03-05 12:00:00+00:00,0.9163875385754846,0.8927997136420603,0.9445966513427777
2026-03-05 15:45:00+00:00,0.9087500139311553,0.8861885116414913,0.9445966513427777
2026-03-05 19:45:00+00:00,0.918519178679678,0.8948612662994004,0.9547511714708727
2026-03-05 20:30:00+00:00,0.918519178679678,0.8948612662994004,0.9505425260037743
2026-03-05 23:45:00+00:00,0.9151984363511261,0.893113726135851,0.9505425260037743
2026-03-06 03:00:00+00:00,0.9151984363511261,0.893113726135851,0.9483272493848365
2026-03-06 03:45:00+00:00,0.9244954405110938,0.9016081068646663,0.9483272493848365
2026-03-06 07:45:00+00:00,0.9213711985660126,0.8999864747533615,0.9452043990805493
2026-03-06 11:45:00+00:00,0.9270594019770433,0.9053783265809756,0.951039739815466
2026-03-06 13:15:00+00:00,0.9270594019770433,0.9053783265809756,0.9488268266185429
2026-03-06 15:45:00+00:00,0.9271434386502796,0.9049403020652086,0.9488268266185429
2026-03-06 16:15:00+00:00,0.9271434386502796,0.9049403020652086,0.9450483319327448
2026-03-06 19:45:00+00:00,0.9169927934146864,0.8958094789376431,0.9450483319327448
2026-03-06 23:45:00+00:00,0.9227675907529661,0.9006309363373118,0.950999810102457
2026-03-09 00:00:00+00:00,0.9227675907529661,0.9006309363373118,0.9482877052661466
2026-03-09 03:45:00+00:00,0.9034411688574524,0.8900974598638419,0.9482877052661466
2026-03-09 05:15:00+00:00,0.9034411688574524,0.8900974598638419,0.9424930232843319
2026-03-09 07:45:00+00:00,0.8937933700685897,0.8819563277667883,0.9424930232843319
2026-03-09 08:30:00+00:00,0.8937933700685897,0.8819563277667883,0.9398862745032867
2026-03-09 11:45:00+00:00,0.8904801687026377,0.8781197531501773,0.9398862745032867
2026-03-09 15:45:00+00:00,0.8958782920865107,0.882501612992401,0.9455838995093206
2026-03-09 16:30:00+00:00,0.8958782920865107,0.882501612992401,0.9427350370235481
2026-03-09 19:45:00+00:00,0.8919409068868471,0.8781773086245237,0.9427350370235481
2026-03-09 22:45:00+00:00,0.8990364781242288,0.8848994412296246,0.9502346858921304
2026-03-10 00:00:00+00:00,0.8990364781242288,0.8848994412296246,0.9478945250896332
2026-03-10 03:45:00+00:00,0.9066786126226478,0.8931445383163784,0.9478945250896332
2026-03-10 04:45:00+00:00,0.9066786126226478,0.8931445383163784,0.9450335123409996
2026-03-10 07:45:00+00:00,0.9055631406779957,0.8928084715050755,0.9450335123409996
2026-03-10 10:30:00+00:00,0.9055631406779957,0.8928084715050755,0.9434676280528582
2026-03-10 11:45:00+00:00,0.9047850669092912,0.891692624782503,0.9434676280528582
2026-03-10 12:15:00+00:00,0.9047850669092912,0.891692624782503,0.9417543271890496
2026-03-10 15:45:00+00:00,0.9087765757373559,0.8965346222652172,0.9417543271890496
2026-03-10 16:00:00+00:00,0.9087765757373559,0.8965346222652172,0.9391324033288525
2026-03-10 19:45:00+00:00,0.9126456305752438,0.8997260140576869,0.9391324033288525
2026-03-10 20:00:00+00:00,0.9126456305752438,0.8997260140576869,0.9373252398752465
2026-03-10 22:45:00+00:00,0.9065421569950042,0.8987755834079463,0.9373252398752465
2026-03-11 02:15:00+00:00,0.9065421569950042,0.8987755834079463,0.9346811877948221
2026-03-11 03:45:00+00:00,0.9027626332061797,0.8953992491076904,0.9346811877948221
2026-03-11 04:00:00+00:00,0.9027626332061797,0.8953992491076904,0.9327768431291749
2026-03-11 07:45:00+00:00,0.9012042363051878,0.8945953964900603,0.9327768431291749
2026-03-11 08:00:00+00:00,0.9012042363051878,0.8945953964900603,0.9313139369333575
2026-03-11 11:45:00+00:00,0.9032562290802026,0.897818491863927,0.9313139369333575
2026-03-11 15:45:00+00:00,0.905122791929739,0.9003813850521218,0.933238480534574
2026-03-11 16:15:00+00:00,0.905122791929739,0.9003813850521218,0.9306017326124223
2026-03-11 19:45:00+00:00,0.9063398892279503,0.9026833248038729,0.9306017326124223
2026-03-11 21:30:00+00:00,0.9063398892279503,0.9026833248038729,0.928775832825205
2026-03-11 22:45:00+00:00,0.9052229250672132,0.9028697175847732,0.928775832825205
2026-03-12 00:00:00+00:00,0.9052229250672132,0.9028697175847732,0.9276880557413657
2026-03-12 03:45:00+00:00,0.9033851556373491,0.9057856378365687,0.9276880557413657
2026-03-12 07:45:00+00:00,0.9058079399717006,0.9081538560750102,0.930176017907436
2026-03-12 08:30:00+00:00,0.9058079399717006,0.9081538560750102,0.9288351581979173
2026-03-12 11:45:00+00:00,0.8998737355686818,0.9021883216768766,0.9288351581979173
2026-03-12 12:15:00+00:00,0.8998737355686818,0.9021883216768766,0.9275790122994637
2026-03-12 15:45:00+00:00,0.8934340359924505,0.8968141672935239,0.9275790122994637
2026-03-12 16:00:00+00:00,0.8934340359924505,0.8968141672935239,0.925704846878284
2026-03-12 19:45:00+00:00,0.9013755408180966,0.9049427163307642,0.925704846878284
2026-03-12 22:45:00+00:00,0.9059759270443682,0.909430607012262,0.9304294035523054
2026-03-13 00:15:00+00:00,0.9059759270443682,0.909430607012262,0.9283360983030743
2026-03-13 03:45:00+00:00,0.8981254553534073,0.9031832024925871,0.9283360983030743
2026-03-13 04:15:00+00:00,0.8981254553534073,0.9031832024925871,0.9268978257134592
2026-03-13 07:45:00+00:00,0.8944055698448524,0.9018289136987899,0.9268978257134592
2026-03-13 11:45:00+00:00,0.8967648865949369,0.9028890497774816,0.9293428524882836
2026-03-13 13:45:00+00:00,0.8967648865949369,0.9028890497774816,0.9271608778987035
2026-03-13 15:45:00+00:00,0.8946526045031514,0.9006840945972051,0.9271608778987035
2026-03-13 16:15:00+00:00,0.8946526045031514,0.9006840945972051,0.9250077203373249
2026-03-13 19:45:00+00:00,0.8849628057224277,0.8966183197313884,0.9250077203373249
2026-03-13 22:45:00+00:00,0.8894940077734983,0.9005121838706805,0.9297439610612807
2026-03-16 00:00:00+00:00,0.8894940077734983,0.9005121838706805,0.9274145551475603
2026-03-16 03:45:00+00:00,0.8874226186764762,0.8998713567016668,0.9274145551475603
2026-03-16 07:45:00+00:00,0.8876671291461731,0.9009793559255473,0.9276700845466431
2026-03-16 08:45:00+00:00,0.8876671291461731,0.9009793559255473,0.9261126780697018
2026-03-16 11:45:00+00:00,0.8802052229547597,0.8916869510956881,0.9261126780697018
2026-03-16 12:15:00+00:00,0.8802052229547597,0.8916869510956881,0.9239266747604669
2026-03-16 15:45:00+00:00,0.8705574418300606,0.88376112706509,0.9239266747604669
2026-03-16 16:15:00+00:00,0.8705574418300606,0.88376112706509,0.9214469162559075
2026-03-16 19:45:00+00:00,0.863877688768669,0.8824700485127307,0.9214469162559075
2026-03-16 20:15:00+00:00,0.863877688768669,0.8824700485127307,0.9189743059177885
2026-03-16 22:45:00+00:00,0.8612561694124355,0.883581637156143,0.9189743059177885
2026-03-17 00:15:00+00:00,0.8612561694124355,0.883581637156143,0.9173410764742032
2026-03-17 03:45:00+00:00,0.8646823578790086,0.88807734721595,0.9173410764742032
2026-03-17 07:45:00+00:00,0.8634485248578666,0.8872391382646595,0.9160321036456374
2026-03-17 10:15:00+00:00,0.8634485248578666,0.8872391382646595,0.9145266147268771
2026-03-17 11:45:00+00:00,0.8651989524143895,0.8876423410872889,0.9145266147268771
2026-03-17 14:15:00+00:00,0.8651989524143895,0.8876423410872889,0.912910317932176
2026-03-17 15:45:00+00:00,0.864110680083411,0.8853979880366628,0.912910317932176
2026-03-17 16:30:00+00:00,0.864110680083411,0.8853979880366628,0.9109803133964154
2026-03-17 19:45:00+00:00,0.8616679016857028,0.8826135189953701,0.9109803133964154
2026-03-17 22:45:00+00:00,0.8611191026391044,0.8823057189584687,0.9104001071168455
2026-03-18 00:00:00+00:00,0.8611191026391044,0.8823057189584687,0.9093851677915579
2026-03-18 03:45:00+00:00,0.859848351723422,0.882078598476457,0.9093851677915579
2026-03-18 04:15:00+00:00,0.859848351723422,0.882078598476457,0.9080247953148342
2026-03-18 07:45:00+00:00,0.8599969772144941,0.8826774028982851,0.9080247953148342
2026-03-18 08:00:00+00:00,0.8599969772144941,0.8826774028982851,0.906639684580063
2026-03-18 11:45:00+00:00,0.8609358697289325,0.8855690927576346,0.906639684580063
2026-03-18 15:45:00+00:00,0.8805790735931927,0.905196689581643,0.9273256715180239
2026-03-18 19:45:00+00:00,0.8782842826896987,0.899607591155351,0.9249090588827809
2026-03-18 20:15:00+00:00,0.8782842826896987,0.899607591155351,0.9227685046414086
2026-03-18 22:45:00+00:00,0.865442836730081,0.8925124254549844,0.9227685046414086
2026-03-19 01:30:00+00:00,0.865442836730081,0.8925124254549844,0.9195264193256237
2026-03-19 03:45:00+00:00,0.8608397685397976,0.886679753035721,0.9195264193256237
2026-03-19 07:30:00+00:00,0.8608397685397976,0.886679753035721,0.9171868429797256
2026-03-19 07:45:00+00:00,0.8568365932823885,0.8812372235368382,0.9171868429797256
2026-03-19 08:00:00+00:00,0.8568365932823885,0.8812372235368382,0.91559041558148
2026-03-19 11:45:00+00:00,0.8796355976776519,0.9022479002120518,0.91559041558148
2026-03-19 15:45:00+00:00,0.8942274866991814,0.9142933227208402,0.9307787433033385
2026-03-19 19:45:00+00:00,0.895135696317767,0.9080841955845851,0.9317240756936048
2026-03-19 21:00:00+00:00,0.895135696317767,0.9080841955845851,0.9257714802849525
2026-03-19 22:45:00+00:00,0.8884766124704513,0.9010591668284257,0.9257714802849525
2026-03-20 03:45:00+00:00,0.8934876168205245,0.9022862984644324,0.9309928275323297
2026-03-20 07:45:00+00:00,0.8955817149904756,0.9027892910610794,0.9331748279760635
2026-03-20 08:30:00+00:00,0.8955817149904756,0.9027892910610794,0.9303751055836665
2026-03-20 11:45:00+00:00,0.891595930883161,0.8982043330845424,0.9303751055836665
2026-03-20 14:00:00+00:00,0.891595930883161,0.8982043330845424,0.9269637561095468
2026-03-20 15:45:00+00:00,0.9013640609748466,0.9071665741889868,0.9269637561095468
2026-03-20 19:45:00+00:00,0.9097321141691495,0.909890951356951,0.9355694708880197
2026-03-20 22:45:00+00:00,0.9248023483895341,0.9229085940864192,0.9510677157406823
2026-03-23 00:00:00+00:00,0.9248023483895341,0.9229085940864192,0.9455652457483101
2026-03-23 03:45:00+00:00,0.9373731536058341,0.9473147181402468,0.9455652457483101
2026-03-23 07:45:00+00:00,0.9539997399835884,0.9634090457175609,0.9623371387492566
2026-03-23 11:45:00+00:00,0.9664750411721226,0.9726200277199227,0.9749214667607251
2026-03-23 13:00:00+00:00,0.9664750411721226,0.9726200277199227,0.9625188145965918
2026-03-23 15:45:00+00:00,0.9209738420985042,0.9275570499649175,0.9625188145965918
2026-03-23 17:45:00+00:00,0.9209738420985042,0.9275570499649175,0.9489117945057363
2026-03-23 19:45:00+00:00,0.9152017818210971,0.9196293930729967,0.9489117945057363
2026-03-23 20:30:00+00:00,0.9152017818210971,0.9196293930729967,0.941386509902878
2026-03-23 22:45:00+00:00,0.9191886426617792,0.9226186727385691,0.941386509902878
2026-03-24 01:15:00+00:00,0.9191886426617792,0.9226186727385691,0.9358596637268338
2026-03-24 03:45:00+00:00,0.9382916008977408,0.9385492999999077,0.9358596637268338
2026-03-24 04:30:00+00:00,0.9382916008977408,0.9385492999999077,0.9286428444773283
2026-03-24 07:45:00+00:00,0.9327909601471661,0.9308928745548013,0.9286428444773283
2026-03-24 11:45:00+00:00,0.9497351315740333,0.9436174813146049,0.9455116652779447
2026-03-24 13:00:00+00:00,0.9497351315740333,0.9436174813146049,0.9411235138836935
2026-03-24 15:45:00+00:00,0.9400826452666233,0.9337927815717184,0.9411235138836935
2026-03-24 16:15:00+00:00,0.9400826452666233,0.9337927815717184,0.9348484876771676
2026-03-24 19:45:00+00:00,0.9385491345128013,0.9386236092173279,0.9348484876771676
2026-03-24 22:45:00+00:00,0.9568951147898591,0.9567181534290797,0.9531221307782989
2026-03-25 03:45:00+00:00,0.9831759857218553,0.9804989991306413,0.9792993777035427
2026-03-25 05:00:00+00:00,0.9831759857218553,0.9804989991306413,0.9751085032580352
2026-03-25 07:45:00+00:00,0.9747390486339698,0.9737358756768334,0.9751085032580352
2026-03-25 10:15:00+00:00,0.9747390486339698,0.9737358756768334,0.9726301671654461
2026-03-25 11:45:00+00:00,0.9755416472829523,0.9699995092434446,0.9726301671654461
2026-03-25 13:00:00+00:00,0.9755416472829523,0.9699995092434446,0.9696679651302278
2026-03-25 15:45:00+00:00,0.9770187924510838,0.9715661348430487,0.9696679651302278
2026-03-25 16:30:00+00:00,0.9770187924510838,0.9715661348430487,0.9654983524635945
2026-03-25 19:45:00+00:00,0.9757398887522383,0.9713765109633747,0.9654983524635945
2026-03-25 20:45:00+00:00,0.9757398887522383,0.9713765109633747,0.9621043923197109
2026-03-25 22:45:00+00:00,0.9662389627613663,0.961793369752295,0.9621043923197109
2026-03-26 00:00:00+00:00,0.9662389627613663,0.961793369752295,0.9577975714137833
2026-03-26 03:45:00+00:00,0.9609737172130363,0.9567471757174416,0.9577975714137833
2026-03-26 04:30:00+00:00,0.9609737172130363,0.9567471757174416,0.9546700320741787
2026-03-26 07:45:00+00:00,0.9404862624488805,0.9413399673336188,0.9546700320741787
2026-03-26 08:45:00+00:00,0.9404862624488805,0.9413399673336188,0.9513601070840187
2026-03-26 11:45:00+00:00,0.9436727318459573,0.9407137247149117,0.9513601070840187
2026-03-26 12:15:00+00:00,0.9436727318459573,0.9407137247149117,0.9477868996390778
2026-03-26 15:45:00+00:00,0.9374935057968911,0.9356207826580122,0.9477868996390778
2026-03-26 18:00:00+00:00,0.9374935057968911,0.9356207826580122,0.9437433839173128
2026-03-26 19:45:00+00:00,0.9225079274039487,0.9193146051214344,0.9437433839173128
2026-03-26 22:00:00+00:00,0.9225079274039487,0.9193146051214344,0.9395696370335443
2026-03-26 22:45:00+00:00,0.9231951735438478,0.9184661298957569,0.9395696370335443
2026-03-27 00:00:00+00:00,0.9231951735438478,0.9184661298957569,0.9345951171647154
2026-03-27 03:45:00+00:00,0.9149861311952088,0.914546376049611,0.9345951171647154
2026-03-27 07:45:00+00:00,0.9226696383035909,0.9185184955053536,0.9424432888269615
2026-03-27 10:15:00+00:00,0.9226696383035909,0.9185184955053536,0.9398761357848266
2026-03-27 11:45:00+00:00,0.9173795679381852,0.9097799543998372,0.9398761357848266
2026-03-27 14:45:00+00:00,0.9173795679381852,0.9097799543998372,0.9376778387173416
2026-03-27 15:45:00+00:00,0.9168316813967005,0.9085722045761772,0.9376778387173416
2026-03-27 19:45:00+00:00,0.9282649973644403,0.913925123399442,0.9493711159279096
2026-03-27 22:45:00+00:00,0.9300077313603838,0.913214652577125,0.95115347476207
2026-03-30 01:00:00+00:00,0.9300077313603838,0.913214652577125,0.9475270631373262
2026-03-30 03:45:00+00:00,0.9173485579755618,0.9002130391971359,0.9475270631373262
2026-03-30 04:00:00+00:00,0.9173485579755618,0.9002130391971359,0.942296329293673
2026-03-30 07:45:00+00:00,0.9039732618563984,0.8904175430298038,0.942296329293673
2026-03-30 11:45:00+00:00,0.9122959032004346,0.8970134994109854,0.9509718009247785
2026-03-30 12:15:00+00:00,0.9122959032004346,0.8970134994109854,0.9483179988126581
2026-03-30 15:45:00+00:00,0.9185337929787389,0.9033696450461492,0.9483179988126581
2026-03-30 16:30:00+00:00,0.9185337929787389,0.9033696450461492,0.9454539661885606
2026-03-30 19:45:00+00:00,0.9125449327875015,0.8978706909830284,0.9454539661885606
2026-03-30 23:45:00+00:00,0.9182785424901468,0.9001344474328883,0.9513943465897585
2026-03-31 03:00:00+00:00,0.9182785424901468,0.9001344474328883,0.9488520454343156
2026-03-31 03:45:00+00:00,0.9113980293952686,0.8922835450655445,0.9488520454343156
2026-03-31 07:45:00+00:00,0.9148454205717672,0.8889881254759683,0.9524411075825006
2026-03-31 08:00:00+00:00,0.9148454205717672,0.8889881254759683,0.9495374191477649
2026-03-31 11:45:00+00:00,0.9156461636161496,0.8903473469214518,0.9495374191477649
2026-03-31 12:30:00+00:00,0.9156461636161496,0.8903473469214518,0.9473622744925623
2026-03-31 15:45:00+00:00,0.9168748045559482,0.8938096351472787,0.9473622744925623
2026-03-31 19:45:00+00:00,0.9295659517280289,0.9048918241749487,0.9604754214468895
2026-03-31 23:45:00+00:00,0.9353719810110039,0.9096219662205731,0.9664745099592557
2026-04-01 03:45:00+00:00,0.9432381323825784,0.91668148004584,0.9746022227264166
2026-04-01 04:00:00+00:00,0.9432381323825784,0.91668148004584,0.9709085573162063
2026-04-01 07:45:00+00:00,0.9363138563516951,0.9104488668461452,0.9709085573162063
2026-04-01 08:15:00+00:00,0.9363138563516951,0.9104488668461452,0.968830509737925
2026-04-01 10:00:00+00:00,0.9260301058732695,0.9019996177376055,0.968830509737925
